시군명,사업단계,사업유형,정비구역명,위치,구역면적(㎡),(기존주택)준공년도,(기존주택)동수,(기존주택)세대수,(기존주택)면적별세대수(40㎡미만),(기존주택)면적별세대수(40~60㎡),(기존주택)면적별세대수(60~85㎡),(기존주택)면적별세대수(85~135㎡),(기존주택)면적별세대수(135㎡이상),사업시행세대수총계,조합원분양세대수,일반분양세대수,임대세대수,(신축주택)분양주택수,(신축주택)면적별분양주택수(40㎡미만),(신축주택)면적별분양주택수(40~60㎡),(신축주택)면적별분양주택수(60~85㎡),(신축주택)면적별분양주택수(85~135㎡),(신축주택)면적별분양주택수(135㎡이상),(신축주택)임대주택수,(신축주택)면적별임대주택수(40㎡미만),(신축주택)면적별임대주택수(40~60㎡),(신축주택)면적별임대주택수(60~85㎡),(기존)용적률,(신축)용적률,토지등소유자수(명),조합원수(명),사업시행자,사업예정기간(사업시작),사업예정기간(사업완료),정비예정구역고시일자,정비구역지정예정일자,정비계획승인일자,정비구역지정일자(최초지정),정비구역지정일자(변경지정),추진위승인일자,예비평가일자,안전진단일자,조합설립인가일자,사업시행인가일자,관리처분인가일자,착공일자,일반분양일자,준공일자,이전고시일자,현추진상황,업무담당자,담당자전화번호,비고
고양시,준공,재건축,일산Ⅱ-1구역(탄현주공),경기도 고양시 탄현동 28,23728,1989,13,33,2,12,15,4,,589,393,178,18,571,,141,398,32,,18,,18,,0.95,2.5,393,393,조합,2007,2012,2006-12-21,,,2007-10-22,,,,2003-06-30,2003-06-30,2008-12-31,2009-12-31,2011-03-04,2013-05-09,2013-08-02,2014-07-11,준공,송현직,031-8075-3435,
고양시,준공,도시환경,관산1차,경기도 고양시 관산동 178-52,6986,1987,21,33,2,12,15,4,,340,340,,,340,,136,102,68,34,,,,,1.26,6.69,53,50,조합,2007,2012,,,,2005-09-26,2007-08-13,2005-12-05,,,2006-01-10,2007-09-21,2007-12-27,2011-01-20,2011-04-28,2014-02-28,2014-03-14,준공,송현직,031-8075-3435,
고양시,준공,재건축,주교성사1단지,경기도 고양시 덕양구 성사동 869,66998,1986,35,1050,,846,204,,,1486,1026,310,150,1336,,164,616,376,180,150,,150,,0.8,2.77,1047,1047,조합,2005,2009,,,,2006-06-19,2007-12-27,,,2003-02-28,2003-06-30,2006-06-20,2006-10-12,2007-04-30,2009-11-25,2009-12-02,2010-06-18,준공,송현직,031-8075-3435,
고양시,조합설립,재개발,일산Ⅰ-2구역,경기도 고양시 일산동 960-16,17738,1940~2001,9,9,,4,5,,,390,331,,59,331,,295,36,,,59,51,8,,1.5,2.3,99,99,조합,2015,,2006-12-21,2008-01-01,2014-01-14,2015-04-10,2017-04-14,2010-02-01,,,2019-01-15,,,,,,,사업시행인가 준비 중,송현직,031-8075-3435,
고양시,조합설립,재건축,행신 Ⅱ-1구역,경기도 고양시 행신동 173-1,13062,1980~2003,13,267,20,90,120,37,,272,272,,,272,,132,140,,,,,,,1.04,2.3,186,151,조합,2010,,2006-12-21,2006-12-21,2009-09-01,2010-03-09,2017-03-24,,,,2001-09-21,,,,,,,사업시행인가 신청,권호영,031-8075-3432,
고양시,조합설립,재개발,고양 Ⅰ-1구역,경기도 고양시 덕양구 고양동 22-2,24500,1970~2004,45,196,15,70,90,21,,352,292,,60,292,,120,140,32,,60,60,,,0.37,2.22,124,120,조합,2009,,2006-12-21,2006-12-21,2009-06-30,2009-12-24,,2007-03-05,,,2010-06-18,,,,,,,시공자 선정 중,송현직,031-8075-3435,
고양시,예정구역,재건축,관산Ⅱ-1구역,경기도 고양시 관산동 178-57대,16404,1980~1992,8,435,20,80,235,100,,,,,,,,,,,,,,,,2.3,2.3,435,,,,,2014-01-06,2025-12-31,,,,,2019-05-13,,,,,,,,,정비예정구역 고시,송현직,031-8075-3435,
고양시,예정구역,재개발,행신Ⅰ-1구역,경기도 고양시 행신동3동 222,29268,1980~2012,84,723,43,180,350,150,,,,,,,,,,,,,,,,2,2.3,723,,,,,2014-01-06,2025-12-31,,,,,,,,,,,,,,정비예정구역 고시,송현직,031-8075-3435,
고양시,사업시행,재개발,고양Ⅰ-2구역,경기도 고양시 덕양구 고양동 92-1,16154,1980~1995,14,160,10,60,80,10,,260,215,,45,215,,41,174,,,45,42,3,,0.55,2.18,132,129,조합,2008,,2006-12-21,,,2009-06-09,2011-06-17,2007-04-23,,,2009-11-20,2011-06-24,,,,,,관리처분계획인가 준비 중,송현직,031-8075-3435,
고양시,준공,재건축,원당주공2단지,경기도 고양시 성사동 715,77755,1986,37,1260,,800,460,,,1651,1363,,288,1363,,117,685,476,85,288,,223,65,0.77,2.66,1260,1252,조합,2007,2010,,,,2006-01-16,2006-05-22,,,2003-03-24,2003-06-30,2006-05-24,2006-10-23,2007-04-23,2009-11-17,2009-10-30,2010-03-30,준공,송현직,031-8075-3435,
고양시,착공,재건축,능곡 2-1(능곡연합),경기도 고양시 덕양구 토당동 251-12,33263,1985,45,534,,416,118,,,834,493,266,75,759,,374,385,,,75,,75,,1.23,2.83,541,489,조합,2007,,2006-12-21,,,2007-08-27,2018-12-21,2003-12-29,2003-05-28,2003-11-04,2007-08-31,2008-03-14,2018-05-10,2020-02-19,2020-10-16,,,공사 중,권호영,031-8075-3432,
과천시,조합설립,재건축,"주공8,9단지구역",경기도 과천시 부림동 41,137996,1982,29,2120,,540,1580,,,2859,2120,739,,2859,,190,1957,704,8,,,,,1.3,2.37,2165,1845,조합,2019,2027,2010-04-30,2010-04-30,2019-02-28,2019-02-28,,2020-05-20,,2014-12-29,2021-02-23,,,,,,,건축심의 준비 중,차환,02-3677-2652,
과천시,준공,재건축,주공1단지,경기도 과천시 중앙동 37,114500,1981,39,1062,,400,662,,,1571,1062,509,,1571,,462,581,473,55,,,,,0.75,1.88,1135,1133,조합,2011,2020,2010-04-30,,2011-09-23,2011-09-23,2019-07-17,2011-11-25,,2010-05-06,2012-04-06,2015-06-17,2016-03-22,2017-09-08,2019-07-22,2020-03-31,2020-10-15,이전고시,김민수,02-3677-2653,
과천시,추진위원회,재건축,주공10단지구역,경기도 과천시 중앙동 67,102100,1984,26,632,,,172,460,,1339,632,707,,1339,,,1339,,,,,,,0.82,1.8,632,,추진위,2016,2028,2010-04-30,2010-04-30,2016-11-21,2016-11-21,,2017-03-30,,2014-12-29,,,,,,,,조합설립인가 준비 중,박초롱,02-3677-2657,
과천시,조합설립,재개발,주암장군마을,경기도 과천시 주암동 63-9,52895,1980-2009,143,420,20,175,41,65,119,880,408,428,44,836,,214,464,158,,44,44,,,1.45,2.32,408,408,조합,2016,2027,2010-04-30,2015-12-31,2016-08-12,2016-08-12,2021-04-06,2017-05-01,,,2018-08-20,,,,,,,사업시행인가 준비 중,이명진,02-3677-2656,
과천시,조합설립,재건축,주공5단지구역,경기도 과천시 별양동 6,63629,1983,7,800,,,,800,,1240,800,440,,1240,,,1240,,,,,,,1.75,2.5,834,776,조합,2017,2027,2010-04-30,2010-04-30,2017-05-15,2017-05-15,2020-10-29,2017-06-23,,2014-12-29,2020-01-23,,,,,,,건축심의 준비 중,김민수,02-3677-2653,
과천시,준공,재건축,주공7-2단지,경기도 과천시 별양동 3,31967,1982,11,400,,300,100,,,543,400,143,,543,,224,274,45,,,,,,0.91,2.2,400,400,조합,2011,2018,2010-04-30,,2011-12-29,2011-12-29,2012-03-19,2012-06-19,,2010-05-06,2013-07-17,2014-10-31,2015-07-10,2016-04-28,2016-05-24,2018-07-25,2018-12-12,이전고시,김민수,02-3677-2653,
과천시,착공,재건축,주공6단지,경기도 과천시 별양동 52,118176,1982,47,1262,,620,642,,,2099,1316,783,,2099,,706,845,504,44,,,,,0.81,2.28,1340,1294,조합,2011,2021,2010-04-30,,2011-09-23,2011-09-23,2017-12-20,2003-12-30,,2010-05-06,2011-12-08,2015-06-25,2016-07-27,2018-12-23,2019-05-15,,,착공,이명진,02-3677-2656,
과천시,준공,재건축,주공2단지,"경기도 과천시 원문동 2, 별양동 8",118069,1982,38,1620,500,1120,,,,2128,1607,521,,2128,62,806,1011,249,,,,,,0.71,2.27,1618,1607,조합,2011,2021,2010-04-30,,2011-08-09,2011-08-09,2021-05-18,2003-11-01,2006-08-23,2007-04-10,2012-09-26,2015-06-30,2016-11-16,2018-02-20,2018-03-16,2021-01-28,2021-05-20,이전고시,차환,02-3677-2652,
과천시,준공,재건축,주공7-1단지,경기도 과천시 부림동 49,80419,1982,24,722,,400,322,,,1317,739,578,,1317,,316,752,247,2,,,,,0.67,2.12,746,717,조합,2011,2020,2010-04-30,,2011-12-29,2011-12-29,2021-03-18,2012-03-20,,2010-05-06,2013-12-19,2015-08-27,2016-04-15,2017-12-01,2018-01-25,2020-12-21,2021-05-20,이전고시,김민수,02-3677-2653,
과천시,준공,재건축,주공12단지,경기도 과천시 갈현동 369,9289,1984,5,44,,,,44,,100,43,57,,100,,,62,35,3,,,,,0.47,1.64,47,45,조합,2007,2020,,,,,,2004-01-12,,2006-04-27,2006-06-08,2006-07-11,2007-01-05,2018-05-21,2018-05-25,2020-08-11,2020-11-23,이전고시,이명진,02-3677-2656,
과천시,사업시행,재건축,주공4단지구역,경기도 과천시 별양동 7,60679,1983,10,1110,,210,900,,,1437,1110,327,,1437,,259,1018,160,,,,,,1.7,2.83,1169,1167,조합,2017,2024,2010-04-30,2010-04-30,2017-05-15,2017-05-15,2019-04-24,2017-07-19,,2014-12-29,2018-03-12,2020-09-01,,,,,,관리처분계획 준비 중,박초롱,02-3677-2657,
광명시,준공,주거환경개선,광명삼각주,경기도 광명시 철산동 606,11480,1996,170,281,,220,61,,,401,,182,219,182,,92,90,,,219,,219,,50~100%,2.84,278,278,LH,1997,2001,,,,1996-06-26,,,,,,1997-09-30,,1999-04-15,2000-10-10,2001-10-15,,준공,고성근,02-2680-0738,
광명시,준공,주거환경개선,광명철산,경기도 광명시 철산동 510,78673,1991,380,1952,148,1025,576,203,,2351,,1117,1234,1117,,462,541,114,,1234,580,654,,50~100%,2.75,1933,1933,LH,1996,2002,,,,1996-02-03,,,,,,1996-11-14,,1998-08-28,2001-05-07,2002-05-24,,준공,고성근,02-2680-0738,
광명시,준공,재건축,하안주공본2단지아파트,경기도 광명시 하안동 769,63744,1982,42,940,940,,,,,1248,948,300,,1248,,250,556,336,106,,,,,0.8,2.45,962,962,조합,2006,2009,,,,2005-03-28,,,2002-02-21,2002-05-30,2002-08-27,2005-05-16,2005-12-22,2006-11-30,2009-08-04,2009-11-02,2010-04-23,준공,김영환,02-2680-2907,
광명시,준공,재건축,하안주공본1단지아파트,경기도 광명시 하안동 764,132500,1982,57,2440,2440,,,,,2815,2387,428,,2815,,596,1492,674,53,,,,,0.8,2.51,2440,2382,조합,2006,2010,,,,2005-03-28,,,2001-12-10,2002-03-21,2002-09-23,2005-05-16,2005-12-28,2006-11-28,2009-10-08,2010-01-14,2010-05-25,준공,김영환,02-2680-2907,
광명시,준공,재건축,철산주공3단지아파트,경기도 광명시 철산동 552,96200,1981,38,1900,1900,,,,,2072,1887,185,,2072,,513,1046,405,108,,,,,0.8,2.49,1900,1899,조합,2006,2009,,,,2005-03-28,,,2001-11-28,2002-02-22,2002-08-27,2005-05-16,2005-12-21,2006-12-26,2009-12-28,2009-11-26,2011-05-27,준공,김영환,02-2680-2907,
광명시,준공,재건축,철산주공2단지아파트,경기도 광명시 철산동 373,58711,1980,24,1000,1000,,,,,1264,1027,237,,1264,,286,584,334,60,,,,,0.8,2.54,1004,1004,조합,2006,2009,,,,2005-03-28,,,2002-06-04,2003-04-21,2002-06-30,2005-05-16,2005-12-28,2007-01-29,2009-12-04,2010-02-18,2011-07-06,준공,김영환,02-2680-2907,
광명시,준공,재건축,광육재건축단지,경기도 광명시 광명6동 354-24,73577,1981,241,241,6,23,59,97,56,1267,812,343,112,1155,,142,566,263,184,112,,112,,1.6,2.64,1023,907,조합,2006,2015,,,,2006-01-16,,,2000-06-20,2001-12-15,2000-03-29,2006-06-30,2006-10-19,2008-12-05,2011-12-18,2015-09-01,2016-01-20,준공,김영환,02-2680-2907,
광명시,준공,재개발,철산두산위브아파트,경기도 광명시 철산동 50 일대,32650,1980,116,517,48,153,223,93,,900,531,369,,900,,356,364,180,,,,,,1.14,2.92,563,531,조합,2003,2007,,,,2000-06-14,2007-02-26,,,,2001-09-21,2003-05-06,2004-01-16,2004-09-02,2004-10-13,2007-03-29,2007-06-27,준공,김영환,02-2680-2907,
광명시,준공,재건축,철산주공4단지,경기도 광명시 철산3동 452,35288,1985,15,470,,,470,,,798,475,323,,798,,443,327,28,,,,,,0.82,2.85,478,472,조합,2014,2021,,,2010-11-25,2011-10-31,,2012-01-19,2009-11-18,2010-04-02,2013-08-08,2016-06-30,2017-03-03,2018-07-04,2018-07-19,2021-02-26,,준공,김영환,02-2680-2907,
광명시,착공,재건축,철산주공7단지,경기도 광명시 철산3동 233,61041,1985,23,599,,283,316,,,1313,599,714,,1313,,759,492,62,,,,,,0.67,2.66,631,631,조합,2014,2021,,,2009-11-07,2012-09-11,,2012-11-02,2009-12-04,2010-05-17,2014-05-28,2017-08-08,2018-02-12,2019-04-30,2019-08-29,,,착공,김영환,02-2680-2907,
광명시,관리처분,재건축,"철산주공8,9단지",경기도 광명시 철산2동 235,173856,1985,77,2064,310,910,640,204,,3801,2057,1652,92,3709,,,3289,420,,92,,92,,0.8,2.85,2095,2059,조합,2014,2022,,,2010-07-27,2011-05-24,,2004-01-08,2009-10-06,2010-01-25,2014-03-26,2018-12-28,2020-07-15,,,,,이주준비중,김영환,02-2680-2907,
광명시,관리처분,재건축,"철산주공10,11단지",경기도 광명시 철산2동 105,67738,1985,31,1080,260,820,,,,1490,1080,410,,1490,,,1421,69,,,,,,0.85,2.85,1125,1116,조합,2014,2022,,,2010-10-02,2011-05-24,,2011-10-06,2009-10-29,2010-03-02,2013-10-25,2019-06-13,2021-01-26,,,,,관리처분인가,김영진,02-2680-6954,
광명시,준공,주거환경개선,광명신촌마을,경기도 광명시 소하동 4-1,112120,2001,501,919,23,550,346,,,1760,,885,875,885,,113,628,144,,875,66,809,,50~100%,1.76,910,910,LH,2003,2010,,,,2003-05-28,2009-01-09,,,,,2005-02-07,,2009-06-30,2009-08-26,2010-10-29,,준공,고성근,02-2680-0738,
광명시,준공,재건축,광명5동(월드메르디앙아파트),경기도 광명시 광명동 776-49,19983,1981,35,273,273,,,,,577,264,313,,577,,126,451,,,,,,,1.67,2.97,273,264,조합,2004,2007,,,,2004-06-14,,,,,1996-09-26,2003-06-26,,2004-08-23,2004-08-19,2007-04-26,,준공,김영환,02-2680-2907,
구리시,관리처분,재건축,수택1지구,경기도 구리시 수택동532,32535,1982,143,305,,,,305,,565,275,255,35,530,,215,315,,,35,,35,,0.75,2.4985,291,259,조합,2004,2022,,,,2007-07-30,2008-07-21,2005-11-04,,,2007-12-27,2008-12-24,2019-10-01,,,,,철거 완료 후 착공 준비 중,배강록,031-550-2411,
구리시,착공,재개발,인창주택,경기도 구리시 인창동320-2,33912,1957~2004,135,375,,,,375,,632,261,339,32,600,78,306,216,,,32,32,,,1,2.3628,302,237,조합,2005,2021,,,,2007-05-28,2019-01-04,2005-11-14,,,2007-08-10,2008-02-11,2015-11-03,2018-04-05,2018-04-18,,,공사 중,홍주영,031-550-8304,
구리시,준공,재건축,수택지구,경기도 구리시 수택동556,20159,1982,68,257,,,,257,,410,196,166,48,362,,228,134,,,48,,48,,0.7,2.4974,223,193,조합,2004,2021,,,2006-04-14,2007-07-30,2018-10-15,2004-02-16,,,2011-09-08,2016-02-04,2017-04-27,2019-04-01,2019-04-03,2021-06-30,,준공,장제훈,031-550-8302,
구리시,사업시행,재개발,딸기원2지구,경기도 구리시 교문동339,84013,1952/2009,184,477,,,,477,,1096,293,561,242,854,,322,526,6,,242,52,190,,0.43,1.6,300,293,조합,2013,,,,2010-09-30,2013-03-08,2019-09-30,2007-12-12,,,2016-01-27,2020-02-17,,,,,,관리처분계획인가 준비 중,홍주영,031-550-8304,
군포시,조합설립,도시환경,군포10구역,경기도 군포시 당동 781-1,37751,1975~2004,102,610,300,200,100,10,,1046,391,602,53,1046,44,308,690,4,,53,35,18,,1.92,6.16,391,391,조합,2010,2025,,,2010-04-30,2010-09-20,2021-01-29,2011-08-10,,,2016-03-07,,,,,,,사업시행인가 준비 중,이수민,031-390-0983,
군포시,준공,재건축,산본주공아파트,경기도 군포시 산본동 208외 5,128359,1985,80,1728,1728,,,,,2644,1726,644,274,2370,,257,1100,581,432,274,,274,,0.83,2.7,1763,1716,조합,2002,2010,,,,2006-06-20,2008-07-10,2003-10-06,,2002-12-30,2003-12-31,2006-07-10,2007-03-09,2007-10-29,2009-11-11,2010-09-20,2010-10-20,준공,민승준,031-390-0725,
김포시,준공,주거환경관리,서암,경기도 김포시 통진읍 서암리 758-22,18490,1984,51,126,,,126,,,,,,,,,,,,,,,,,2,2,47,,市,2014,2019,,,,2015-11-14,,,,,,,,2016-05-04,,2019-06-19,,계획도로 조성공사 완료,박희진,031-980-5594,
김포시,정비구역,주거환경개선,양곡마을,경기도 김포시 양촌읍 양곡리 403-4,46583,,,,,,,,,,,,,,,,,,,,,,,,,,,,2018,,,,,2019-07-31,,,,,,,,,,,,정비구역 지정,박희진,031-980-5594,
남양주시,준공,재건축,도농3개통,경기도 남양주시 도농동 294,28211,1952~2003,118,212,40,34,80,53,5,457,178,258,21,436,,81,251,104,,21,,21,,2.95,2.49,199,178,조합,2003,2014,,,,2006-10-26,,2003-11-25,2006-11-08,2006-11-08,2003-12-04,2007-07-23,2008-01-03,2012-05-08,2012-10-22,2016-12-08,2017-08-03,조합 청산절차 진행 중,양현덕,031-590-4417,
남양주시,예정구역,재개발,퇴계원1,경기도 남양주시 퇴계원읍 퇴계원리 261-16,24553,1980~2000,78,468,,29,31,381,27,,,,,,,,,,,,,,,0.518,2.5,,,,,,2020-12-24,2025-12-31,,,,,,,,,,,,,,정비예정구역 고시,김원호,031-590-8753,
남양주시,예정구역,재개발,금곡6,경기도 남양주시 금곡동 162-42,25339,1978~2004,45,560,94,255,168,37,6,,,,,,,,,,,,,,,1.125,2.5,,,,,,2020-12-24,1930-12-31,,,,,,,,,,,,,,정비예정구역 고시,김원호,031-590-8753,
남양주시,예정구역,재개발,퇴계원4,경기도 남양주시 퇴계원읍 퇴계원리 82-13,18986,1980~2014,64,168,6,105,9,34,14,,,,,,,,,,,,,,,0.361,2.5,,,,,,2020-12-24,2025-12-31,,,,,,,,,,,,,,정비예정구역 고시,김원호,031-590-8753,
남양주시,정비구역,재개발,퇴계원2,경기도 남양주시 퇴계원읍 퇴계원리 109-8,19335,1984~2015,68,285,1,6,120,158,,,,,,,,,,,,,,,,0.302,2.5,285,,,,,2020-12-24,2023-12-31,2021-03-11,2021-03-11,,,,,,,,,,,,추진위원회 준비중,김원호,031-590-8753,
남양주시,예정구역,재개발,금곡7,경기도 남양주시 금곡동 158-7,15269,1981~2014,22,164,8,9,56,89,2,,,,,,,,,,,,,,,1.267,2.5,,,,,,2020-12-24,1930-12-31,,,,,,,,,,,,,,정비예정구역 고시,김원호,031-590-8753,
남양주시,예정구역,재개발,퇴계원7,경기도 남양주시 퇴계원읍 퇴계원리 299-8,10929,1988~1995,24,211,66,129,16,,,,,,,,,,,,,,,,,1.341,2.5,,,,,,2020-12-24,1930-12-31,,,,,,,,,,,,,,정비예정구역 고시,김원호,031-590-8753,
남양주시,예정구역,재건축,오남1,경기도 남양주시 오남읍 오남리 683-5,99413,1988~2004,48,2296,411,382,1038,370,95,,,,,,,,,,,,,,,1.468,3,2296,,,,,2020-12-24,2023-12-31,,,,,,2020-01-10,,,,,,,,정비예정구역 고시,박형진,031-590-4769,
남양주시,추진위원회,재건축,호평2(남양아파트),경기도 남양주시 호평동 196-4,12264,1984,7,339,,146,193,,,339,339,,,339,,,339,,,,,,,1.306,3,339,,추진위,2010,,2020-12-24,2025-12-31,,,,2003-11-13,2003-06-30,2003-07-25,,,,,,,,정비구역 지정 준비,김원호,031-590-8753,
남양주시,추진위원회,재건축,금곡5(인정프린스),경기도 남양주시 금곡동 산108-1,10088,1986,3,270,,270,,,,270,270,,,270,,,270,,,,,,,1.48,3,248,,추진위,2010,,2020-12-24,1930-12-31,,,,2006-06-28,2003-08-01,,,,,,,,,안전진단 준비 중,김원호,031-590-8753,
남양주시,조합설립,재건축,금곡2(서울아파트),경기도 남양주시 금곡동 159-59,19166,1986,9,413,66,62,167,77,41,576,576,,,576,,338,238,,,,,,,1.437,2.96,411,402,조합,2016,2022,2020-12-24,2012-12-31,2015-09-10,2015-09-10,2017-03-30,2016-01-27,,2015-01-27,2017-05-08,,,,,,,사업시행인가 검토 중,허용욱,031-590-2386,
남양주시,관리처분,재건축,평내1(진주아파트),경기도 남양주시 평내동 산84-11,60046,1985~1987,43,1260,232,486,542,,,1843,1103,695,45,1798,,1603,195,,,45,,45,,1.29,2.9,1299,1124,조합,2010,,2020-12-24,,,2008-10-23,2018-08-09,2003-12-30,2003-05-30,2003-06-13,2009-03-04,2010-09-17,2012-04-19,,,,,이주 및 철거 중,김선혁,031-590-4317,
남양주시,착공,재건축,"평내2 (양지,삼창아파트)",경기도 남양주시 평내동 103-2,39162,1986~1989,11,1005,408,597,,,,1108,820,247,41,1067,,794,273,,,41,,41,,1.88,2.76,1017,819,조합,2010,2022,2020-12-24,2012-12-31,2011-01-13,2011-01-20,2016-07-28,2011-06-24,2003-05-30,2003-06-19,2011-12-29,2016-12-22,2017-09-25,2019-08-27,2019-08-28,,,공사 중,양현덕,031-590-4417,
남양주시,준공,재건축,지금2지구,경기도 남양주시 지금동 129-65,61301,1960~1998,222,1470,290,266,557,340,17,1008,762,213,33,975,,209,498,268,,33,,33,,1.2,2.45,789,681,조합,2003,2015,,,,2006-09-01,2016-07-07,,2003-04-30,2003-04-30,2003-06-25,2007-03-22,2007-12-31,2012-07-24,2013-05-14,2017-06-30,2017-11-01,조합 청산절차 진행 중,김선혁,031-590-4317,
남양주시,예정구역,재개발,퇴계원5,경기도 남양주시 퇴계원읍 퇴계원리 272,14045,1986~2010,41,263,2,24,93,143,1,,,,,,,,,,,,,,,0.662,2.5,,,,,,2020-12-24,2025-12-31,,,,,,,,,,,,,,정비예정구역 고시,김원호,031-590-8753,
남양주시,준공,재건축,"남광,신우",경기도 남양주시 도농동 2-5,23290,1979,9,177,22,24,75,41,15,317,176,107,34,283,,,283,,,34,,34,,0.96,2.12,162,162,조합,2000,2013,,,,2007-07-02,,,,1999-11-15,2000-03-17,2009-11-03,2010-03-30,2011-05-13,2013-05-16,2013-12-30,2014-02-13,조합 청산절차 진행 중,양현덕,031-590-4417,
남양주시,예정구역,재개발,진접7,경기도 남양주시 진접읍 내각리 산31-7,10812,1986,7,228,,196,32,,,,,,,,,,,,,,,,,1.22,2.5,,,,,,2020-12-24,2025-12-31,,,,,,,,,,,,,,정비예정구역 고시,김원호,031-590-8753,
남양주시,예정구역,재개발,호평1,경기도 남양주시 호평동 184-1,19708,1972~2010,45,172,,56,25,6,85,,,,,,,,,,,,,,,0.508,2.5,,,,,,2020-12-24,1930-12-31,,,,,,,,,,,,,,정비예정구역 고시,김원호,031-590-8753,
동두천시,정비구역,주거환경개선,중앙,경기도 동두천시 생연동 483,45139,1961,265,295,295,,,,,,,,,,,,,,,,,,,5,,179,,市,2007,,,,2007-08-29,2008-02-04,,,,,,,,,,,,정비구역 지정,강정훈,031-860-2374,
동두천시,준공,주거환경개선,싸리말,경기도 동두천시 보산동 314,49551,1958~,165,185,185,,,,,,,,,,,,,,,,,,,2,,106,,市,2007,2012,,,,2008-01-14,,,,,,2010-02-18,,2011-05-18,,2012-10-16,,준공,강정훈,031-860-2374,
동두천시,조합설립,재건축,생연동 국민주택,경기도 동두천시 생연동 704,12829,1982,7,120,6,114,,,,217,217,,,217,,,100,117,,,,,,0.52,2.3,117,116,조합,2014,,,,2005-09-05,2007-04-09,2010-12-20,2003-11-05,2003-06-10,2003-07-26,2019-07-12,,,,,,,사업시행인가 준비 중,유재란,031-860-2392,
동두천시,준공,주거환경개선,안흥,경기도 동두천시 안흥동 38,75352,1955,154,225,225,,,,,,,,,,,,,,,,,,,2.5,,218,,市,2007,2015,,,,2008-01-14,2013-04-18,,,,,2013-05-31,,2014-07-21,,2015-11-02,,준공,강정훈,031-860-2374,
동두천시,준공,주거환경개선,생연1-1,경기도 동두천시 생연동 515-5,46425,1960,194,408,408,,,,,,,,,,,,,,,,,,,2.5,,296,,市,2007,2016,,,,2012-03-16,,,,,,2013-03-15,,2015-04-20,,2016-10-21,,준공,강정훈,031-860-2374,
동두천시,관리처분,재건축,생연동 주공생연아파트,경기도 동두천시 생연동 284,19969,1985,9,300,,300,,,,576,251,325,,576,,115,461,,,,,,,0.87,2.8,301,228,조합,2014,,,,2011-12-05,2013-05-02,2016-02-05,2009-08-17,2010-11-02,2011-03-28,2013-09-30,2020-03-11,2020-10-29,,,,,주민이주 및 기존건축물 철거 준비중,최민석,031-860-2402,
부천시,예정구역,재건축,소사본 3-2(부천한신아파트),경기도 부천시 소사본동 277-12,40377,1984,9,916,,,916,,,,,,,,,,,,,,,,,,2.3,,,,2018,2030,2017-12-11,2018-12-31,,,,,,,,,,,,,,정비예정구역 고시,강경현,032-625-3744,
부천시,예정구역,재건축,송내 3-1(송내동신아파트),경기도 부천시 송내동 441-8,17767,1985,5,380,,,380,,,,,,,,,,,,,,,,,,2.24,,,,2019,2030,2017-12-11,2019-12-31,,,,,,,,,,,,,,정비예정구역 고시,강경현,032-625-3744,
부천시,예정구역,재건축,"고강 3-1(고강1,2차 아파트)",경기도 부천시 고강동 246-5,19064,"1984, 1986",9,338,,,338,,,,,,,,,,,,,,,,,,2.3,,,,2019,2030,2017-12-11,2019-12-31,,,,,,,,,,,,,,정비예정구역 고시,강경현,032-625-3744,
부천시,예정구역,재건축,원종 3-3(동진아파트),경기도 부천시 원종동 180-3,12177,1987,3,250,,,250,,,,,,,,,,,,,,,,,,2.3,,,,2020,2030,2017-12-11,2020-12-31,,,,,,,,,,,,,,정비예정구역 고시,강경현,032-625-3744,
부천시,예정구역,재건축,소사본 3-1(성지아파트),경기도 부천시 소사본동 91-68,9435,1988,3,264,,,264,,,,,,,,,,,,,,,,,,2.8,,,,2020,2030,2017-12-11,2020-12-31,,,,,,,,,,,,,,정비예정구역 고시,강경현,032-625-3744,
부천시,예정구역,재건축,약대 3-1(약대현대아파트),경기도 부천시 약대동 169-6,15363,1988,7,290,,,290,,,,,,,,,,,,,,,,,,2.3,,,,2020,2030,2017-12-11,2020-12-31,,,,,,,,,,,,,,정비예정구역 고시,강경현,032-625-3744,
부천시,예정구역,재건축,송내 3-2(현대아파트),경기도 부천시 송내동 450-1,22373,1988,6,717,,,717,,,,,,,,,,,,,,,,,,2.3,,,,2020,2030,2017-12-11,2020-12-31,,,,,,,,,,,,,,정비예정구역 고시,강경현,032-625-3744,
부천시,예정구역,재건축,원종 3-1(원종주공아파트),경기도 부천시 원종동 129-19,25419,1988,13,490,,,490,,,,,,,,,,,,,,,,,,2.3,,,,2020,2030,2017-12-11,2020-12-31,,,,,,2020-03-08,,,,,,,,정비예정구역 고시,강경현,032-625-3744,
부천시,예정구역,재건축,괴안3-4(염광아파트),경기도 부천시 괴안동 164-6,16698,1989,3,382,,,382,,,,,,,,,,,,,,,,,,2.3,,,,2021,2030,2017-12-11,2021-12-31,,,,,,,,,,,,,,정비예정구역 고시,강경현,032-625-3744,
부천시,예정구역,재건축,괴안 3-5(삼익세라믹아파트),경기도 부천시 괴안동 204-16,35064,1989,10,781,,,781,,,,,,,,,,,,,,,,,,2.3,,,,2021,2030,2017-12-11,2021-12-31,,,,,,,,,,,,,,정비예정구역 고시,강경현,032-625-3744,
부천시,예정구역,재건축,원종 3-2(동문1차아파트),경기도 부천시 원종동 70-1,17591,1990,6,280,,,280,,,,,,,,,,,,,,,,,,2.3,,,,2022,2030,2017-12-11,2022-12-31,,,,,,,,,,,,,,정비예정구역 고시,강경현,032-625-3744,
부천시,예정구역,재건축,괴안 3-7(거산아파트),경기도 부천시 괴안동 171-8,13418,1992,7,260,,,260,,,,,,,,,,,,,,,,,,2.3,,,,2023,2030,2017-12-11,2023-12-31,,,,,,,,,,,,,,정비예정구역 고시,강경현,032-625-3744,
부천시,정비구역,재개발,심곡3-1,경기도 부천시 심곡동 194,4413,1967,1,99,,,99,,,334,334,,,334,,,,,,,,,,1.03,9.93,80,,,2020,2030,2017-12-11,2019-11-25,2019-11-25,2019-11-25,,,,,,,,,,,,정비구역 지정,강성근,032-625-3754,
부천시,조합설립,재개발,괴안2D,경기도 부천시 괴안동 189,25877,평균 1982,113,396,,396,,,,602,330,206,66,536,,414,122,,,66,44,22,,100~200%,4,330,330,조합,2009,,2009-05-01,,2009-05-01,2009-05-01,2019-01-14,2009-06-08,,,2011-10-27,,,,,,,조합설립인가,황지민,032-625-3753,
부천시,사업시행,재개발,소사3,경기도 부천시 소사동 48-21,76081,평균 1982,547,1555,,1555,,,,1781,532,1117,132,1517,,619,898,,,132,132,,,100~200%,2.88,532,532,조합,2011,2023,2003-03-28,2006-12-31,2004-07-22,2008-03-10,2012-06-18,2006-10-09,,,2008-09-24,2020-08-06,,,,,,사업시행인가,전호철,032-625-3752,
부천시,조합설립,재개발,소사본1-1,경기도 부천시 소사본동 88-39,45429,평균 1983,285,603,,603,,,,1728,498,1086,144,1584,,,1584,,,144,144,,,100~200%,7.66,498,498,조합,2011,,2006-09-18,2006-12-31,2007-12-14,2009-05-18,2010-05-24,2006-11-17,,,2009-08-24,,,,,,,정비계획 변경 준비 중,전호철,032-625-3752,
부천시,사업시행,재개발,도당1-1,경기도 부천시 도당동 266-4,137023,평균1983,559,2567,,1367,700,500,,2291,1901,,390,1901,,1901,,,,390,390,,,1.09,2.52,1121,1121,조합,2006,,2006-09-18,2006-12-31,2007-06-12,2008-11-17,2012-07-30,2006-11-07,,,2009-02-27,2010-07-19,,,,,,해제(‘19.05.20.)('19.06.19. 해제 효력정지 공고),강성근,032-625-3754,
부천시,사업시행,재개발,소사1-1,경기도 부천시 소사동 483-6,25881,평균1983,122,551,,241,247,63,,748,298,390,60,688,58,439,191,,,60,60,,,100~200%,3.17,306,298,조합,2006,,2006-09-18,,2009-01-15,2009-04-20,2014-06-30,2006-12-15,,,2011-06-20,2014-06-30,,,,,,해제(‘18.12.03.)('18.12.31. 해제 효력정지)('20.05.19.  해제 효력회복)('20.06.18. 해제효력정지),황지민,032-625-3753,
부천시,사업시행,재건축,송내1-1,경기도 부천시 송내동 338,42612,1984,36,885,66,349,469,1,,1062,800,262,,1062,,946,116,,,,,,,1.35,2.68,822,800,조합,2006,,2006-09-18,2008-12-31,2013-02-14,2014-02-17,2018-09-03,2007-07-06,,2011-12-19,2017-03-14,2020-07-06,,,,,,사업시행계획인가,강경현,032-625-3744,
부천시,예정구역,재건축,괴안 3-1(역곡조공1차아파트),경기도 부천시 괴안동 36,14774,1984,5,224,,,224,,,,,,,,,,,,,,,,,,2.3,,,,2018,2030,2017-12-11,2018-12-31,,,,,2018-03-06,2018-08-09,,,,,,,,정비예정구역 고시,강경현,032-625-3744,
부천시,예정구역,재건축,심곡본 3-1(부천롯데아파트),경기도 부천시 심곡본동 615-1,22225,1984,5,463,,,463,,,,,,,,,,,,,,,,,,2.28,,,,2018,2030,2017-12-11,2018-12-31,,,,,,,,,,,,,,정비예정구역 고시,강경현,032-625-3744,
부천시,예정구역,재건축,심곡본 3-2(부천극동아파트),경기도 부천시 심곡본동 566-1,29174,1988,6,495,,,495,,,,,,,,,,,,,,,,,,2.19,,,,2018,2030,2017-12-11,2018-12-31,,,,,2018-03-07,2018-08-09,,,,,,,,정비예정구역 고시,강경현,032-625-3744,
부천시,예정구역,재건축,괴안 3-2(역곡조공2차아파트),경기도 부천시 괴안동 33,27634,1985,16,320,,,320,,,,,,,,,,,,,,,,,,2.19,,,,2019,2030,2017-12-11,2019-12-31,,,,,,,,,,,,,,정비예정구역 고시,강경현,032-625-3744,
부천시,관리처분,재개발,괴안3D,경기도 부천시 괴안동 201,38323,평균 1982,227,590,,590,,,,759,477,197,85,674,,538,136,,,85,46,39,,100~200%,2.74,431,431,조합,2009,2023,2009-05-01,,2009-05-01,2009-05-01,2018-10-29,2009-08-01,,,2011-04-06,2018-11-07,2019-11-11,,,,,이주 및 철거 준비 중,강성근,032-625-3754,
부천시,착공,재개발,계수.범박,경기도 부천시 계수동 1-6,295044,1990,743,1077,58,750,269,,,3724,770,2765,189,3535,51,1719,1765,,,189,189,,,100~200%,2.39,770,664,조합,2006,2023,2006-09-18,2006-12-31,2009-05-21,2009-10-26,2018-07-16,2006-05-23,,,2010-05-31,2017-01-31,2018-05-02,2018-08-27,2018-08-28,,,착공,정인경,032-625-3751,
부천시,착공,재개발,송내1-2,경기도 부천시 송내동 427-32,40431,1990,165,671,,,297,361,13,831,268,496,67,764,,407,354,3,,67,67,,,100~200%,2.63,310,268,조합,2006,2021,2006-09-18,,,2008-12-22,2017-05-22,2006-11-30,,,2009-05-08,2010-03-08,2016-05-09,2018-11-27,2018-11-28,,,착공,황지민,032-625-3753,
부천시,준공,재개발,약대1,경기도 부천시 약대동 216,42275,1950,77,195,195,,,,,620,110,404,106,514,,80,312,122,,106,54,52,,0.24,2.5,110,110,조합,2005,2012,2003-03-28,,,2006-01-16,2010-05-31,2003-12-26,,,2006-04-28,2007-04-02,2007-12-31,2008-10-31,2008-11-03,2011-10-26,2012-07-09,준공,황지민,032-625-3753,
부천시,준공,재개발,약대2,경기도 부천시 약대동 204,71669,1935,167,520,520,,,,,1373,208,955,210,1163,,,156,768,239,210,,126,84,0.95,2.5,208,208,조합,2005,2012,2003-03-28,,,2005-12-29,,2003-12-31,,,2006-04-12,2007-04-02,2007-12-31,2008-10-31,2008-11-03,2011-10-26,2012-04-16,준공,전호철,032-625-3753,
부천시,준공,재개발,중동1-1,경기도 부천시 중동 780,16143,1990,85,114,,,114,,,339,71,240,28,311,,103,208,,,28,11,17,,100~200%,2.8,113,71,조합,2006,2020,2006-09-18,,,2009-02-09,2016-05-23,2006-11-30,,,2009-07-24,2010-11-01,2015-12-30,2017-03-30,2017-04-05,2019-11-27,2020-02-24,준공,전호철,032-625-3752,
부천시,준공,재건축,괴안1-6,경기도 부천시 괴안동 203-2,42952,1984,17,770,,326,384,60,,921,694,227,,921,,557,364,,,,,,,1.24,2.5,761,694,조합,2006,2020,2006-09-18,,,2007-09-17,2016-06-20,2003-12-31,,2003-08-09,2009-09-15,2014-09-22,2016-12-09,2017-08-03,2018-01-24,2020-04-22,2020-07-27,준공,강경현,032-625-3744,
부천시,준공,재건축,심곡본1-1,경기도 부천시 심곡본동 801,15356,1985,6,220,,118,102,,,354,212,142,,354,,171,183,,,,,,,0.91,2.48,221,212,조합,2006,2020,2006-09-18,,,2011-08-08,,2009-08-14,,2010-04-12,2012-01-11,2015-03-20,2015-10-22,2016-06-22,2016-06-24,2018-09-20,2018-12-24,준공,강경현,032-625-3744,
부천시,준공,재건축,약대주공,경기도 부천시 약대동 181,101986,1985,40,1040,,1040,,,,1613,1040,423,150,1463,,207,713,250,293,150,,150,,0.85,2.5,1040,1031,조합,2003,2015,,,,2007-04-02,,2003-12-30,2003-09-25,2004-02-16,2007-07-13,2007-09-10,2008-01-25,2010-03-18,2011-10-07,2017-07-31,2017-11-27,준공,강경현,032-625-3744,
부천시,준공,재건축,삼경아파트,경기도 부천시 원종동 144,20108,1984,9,363,,363,,,,403,341,54,8,395,,84,187,124,,8,,3,5,1.54,2.15,363,363,조합,2003,2010,,,,2007-02-26,,2003-12-31,2003-06-04,2003-09-22,2007-05-11,2007-10-23,2008-07-16,2008-11-25,2010-11-21,2010-11-30,2011-02-01,준공,강경현,032-625-3744,
부천시,준공,재건축,동원아파트,경기도 부천시 송내동 463-3,20736,1985,7,323,,323,,,,371,351,,20,351,,,351,,,20,20,,,1.03,2.02,323,323,조합,2006,2008,,,,2005-04-11,,,2002-06-19,2002-11-19,2003-01-10,2005-05-17,2005-12-26,2006-04-27,2008-03-27,2008-07-17,2008-10-10,준공,강경현,032-625-3744,
부천시,준공,재건축,중동주공,경기도 부천시 중동 884,159919,1982,60,2560,,2560,,,,3090,2817,,273,2817,,,2817,,,273,273,,,0.71,2.44,2560,2183,조합,2004,2008,,,,2003-06-29,,,,1999-05-01,2000-03-09,2004-07-15,2005-05-12,2005-11-25,2008-04-18,2008-12-12,2009-07-27,준공,강경현,032-625-3744,
부천시,준공,재건축,백동단지,경기도 부천시 소사본동 157-1,13517,1983,2,99,,99,,,,226,196,,30,196,,,196,,,30,30,,,0.73,2,99,76,조합,2006,2009,,,,2006-01-16,,2003-12-10,2004-02-26,2004-06-14,2006-02-28,2006-06-09,2006-09-22,2008-02-01,2010-04-08,2012-05-29,2012-10-08,준공,강경현,032-625-3744,
부천시,예정구역,재건축,고강 3-2(미도아파트),경기도 부천시 고강동 327-7,14690,1989,6,340,,,340,,,,,,,,,,,,,,,,,,2.3,,,,2021,2030,2017-12-11,2021-12-31,,,,,,,,,,,,,,정비예정구역 고시,강경현,032-625-3744,
부천시,예정구역,재건축,괴안 3-3(삼익3차 아파트),경기도 부천시 괴안동 204-1,35434,1992,11,682,,,682,,,,,,,,,,,,,,,,,,2.3,,,,2023,2030,2017-12-11,2023-12-31,,,,,,,,,,,,,,정비예정구역 고시,강경현,032-625-3744,
부천시,추진위원회,재건축,역곡1-2,경기도 부천시 역곡동 75-3,16940,1983,17,315,,275,40,,,441,441,,,441,,,,,,,,,,1.29,2.5,399,,추진위,2006,,2006-09-18,2006-12-31,,,,2009-07-23,,2011-05-12,,,,,,,,추진위원회 승인,강경현,032-625-3744,
부천시,조합설립,재건축,성곡2-1,경기도 부천시 원종동 352,17396,1983,8,296,6,290,,,,413,413,,,413,,,,,,,,,,2,2.3,296,296,조합,,,2014-02-25,2015-01-01,,2017-12-26,,2018-07-11,2003-04-03,2015-12-13,2019-05-08,,,,,,,조합설립인가,강경현,032-625-3744,
부천시,예정구역,재건축,괴안 3-6(괴안대진아파트),경기도 부천시 괴안동 171-6,14203,1987,6,290,,,290,,,,,,,,,,,,,,,,,,2.3,,,,2018,2030,2017-12-11,2018-12-31,,,,,2018-03-05,2018-08-09,,,,,,,,정비예정구역 고시,강경현,032-625-3744,
성남시,착공,주거환경관리,태평4,경기도 성남시 수정구 남문로 135번길 11,48852,1980~2000,499,499,,,499,,,,,,,,,,,,,,,,,2.1,,523,,市,2014,,2017-03-29,,2017-03-29,2017-03-29,,,,,,2020-02-17,,2020-03-27,,,,착공,변도현,031-729-4454,
성남시,관리처분,도시환경,도환중1,경기도 성남시 중원구 중앙동 912,67234,1985,624,1345,848,316,121,36,24,1972,632,1322,,1972,,1176,144,652,,,,,,3,4,671,591,조합,2006,2023,2006-11-30,2008-12-31,2009-07-29,2010-08-31,2018-09-10,2011-01-12,,,2011-11-16,2019-03-25,2021-02-04,,,,,관리처분계획인가,정혜인,031-729-4472,
성남시,준공,주거환경개선,은행2지구,경기도 성남시 은행2동 1342,183209,1980~2000,1082,7669,,,7669,,,,,,,,,,,,,,,,,350~400%,2.1,2973,,市+LH,2006,2015,2006-11-30,,,2007-10-29,2015-11-30,,,,,2009-06-15,,2012-07-19,,2015-11-30,,준공,변도현,031-729-4454,
성남시,예정구역,재건축,선경논골아파트,경기도 성남시 수정구 단대동 6,8533,1991,3,426,426,,,,,,,,,,,,,,,,,,,,2.5,426,,,,,2019-05-27,2022-12-31,,,,,,,,,,,,,,정비예정구역 고시,장웅현,031-729-4443,
성남시,예정구역,재건축,성남동현대아파트,경기도 성남시 중원구 성남동 3120,9741,1992,2,375,375,,,,,,,,,,,,,,,,,,,,2.5,375,,,,,2019-05-27,2024-12-31,,,,,,,,,,,,,,정비예정구역 고시,장웅현,031-729-4443,
성남시,예정구역,재건축,시영(황송마을)아파트,경기도 성남시 중원구 금광동 2450-1,34220,1993,11,990,990,,,,,,,,,,,,,,,,,,,,2.5,990,,,,,2019-05-27,2026-12-31,,,,,,,,,,,,,,정비예정구역 고시,장웅현,031-729-4443,
성남시,예정구역,재건축,선경상대원2차아파트,경기도 성남시 중원구 상대원동 279-1,83823,1994,19,2510,2510,,,,,,,,,,,,,,,,,,,,2.5,2510,,,,,2019-05-27,2028-12-31,,,,,,,,,,,,,,정비예정구역 고시,장웅현,031-729-4444,
성남시,조합설립,재건축,은행주공아파트,경기도 성남시 중원구 은행동 550,151803,1987,74,2147,,2147,,,,3314,3314,,,3190,,,,,,,,,,1.14,2.5,2111,1839,조합,2017,,2012-01-30,2015-12-31,2016-02-25,2017-08-11,2021-06-10,2017-11-01,2006-09-04,2016-01-26,2018-07-09,,,,,,,조합설립인가,장웅현,031-729-4443,
성남시,관리처분,재개발,산성,경기도 성남시 수정구 산성동 1336,152797,1986,1516,4499,2789,1035,450,135,90,3372,1851,1095,426,2946,,1612,1195,139,,426,426,,,100~200%,2.65,1978,1658,조합,2014,2023,2006-11-30,2011-12-31,2013-12-16,2014-04-11,2021-06-21,2014-11-03,,,2016-05-17,2019-04-15,2020-09-07,,,,,관리처분계획인가,이인선,031-729-4424,
성남시,착공,재개발,신흥2,경기도 성남시 수정구 신흥동 1132,210733,1971,1775,6488,4022,1492,649,195,130,4774,2225,1737,812,3962,,1944,2018,,,812,452,360,,1.5,2.63,2225,,LH,2008,2023,2006-11-30,,,2008-11-26,2019-09-02,,,,,2009-12-04,2017-06-26,2020-05-08,2020-08-11,,,착공,윤강혁,031-729-4424,
성남시,착공,재개발,중1,경기도 성남시 중원구 중앙동 2979,108424,1965,1131,3715,2304,854,372,111,74,2411,984,1015,412,1999,,976,1023,,,412,140,272,,1.5,2.6,998,,LH,2008,2022,2006-11-30,,,2008-11-26,2017-08-28,,,,,2009-12-04,2016-11-07,2019-08-22,2019-05-21,,,착공,조아라,031-729-4434,
성남시,착공,재개발,금광1,경기도 성남시 중원구 금광동 34,233366,1970,1950,7499,4649,1725,750,225,150,5320,2073,2339,908,4412,,2409,2003,,,908,311,597,,1.5,2.64,2015,,LH,2008,2022,2006-11-30,,,2008-11-26,2021-01-25,,,,,2009-12-04,2016-11-07,2019-06-10,2019-05-21,,,착공,노희경,031-729-4433,
성남시,준공,재건축,금광3,경기도 성남시 중원구 금광동 2622,21709,1985,95,638,,,638,,,711,438,273,,711,104,561,46,,,,,,,1.5,2.65,454,438,조합,2013,2021,2012-01-30,2011-12-31,2012-03-02,2013-09-27,2015-08-03,2013-12-19,,,2014-07-25,2016-06-08,2016-12-29,2018-08-07,2018-08-15,2021-02-17,2021-05-24,준공,장웅현,031-729-4443,
성남시,준공,재건축,신흥(신흥주공+통보8차),"경기도 성남시 수정구 신흥동 10,89-1",181292,1986,27,2406,,,1008,1398,,4089,2384,1705,,4089,,564,3425,100,,,,,,1.34,2.49,2353,2353,조합,2011,2020,2012-01-30,2011-12-31,,2011-12-30,2011-12-30,2012-04-09,,2003-06-27,2013-09-25,2015-07-24,2016-08-16,2017-08-18,2017-08-24,2020-07-30,2020-11-30,준공,이경동,031-729-4442,
성남시,착공,주거환경관리,태평2,경기도 성남시 수정구 남문로 69번길 11,46786,1980~2000,421,1219,,,1219,,,,,,,,,,,,,,,,,2.1,,479,,市,2014,,2017-03-29,,2017-03-27,2017-03-27,,,,,,2020-02-17,,2020-03-23,,,,착공,신동호,031-729-4452,
성남시,착공,주거환경관리,수진2,경기도 성남시 수정구 수정로88번길 18,35214,1980~2000,330,905,,,905,,,,,,,,,,,,,,,,,2.1,,330,,市,2015,,2017-03-27,,2017-03-27,2017-03-27,,,,,,2019-12-30,,2019-12-20,,,,착공,신동호,031-729-4452,
성남시,준공,재개발,단대,경기도 성남시 수정구 단대동 108-6,75063,1985,516,1897,1176,436,190,57,38,1228,1015,,213,1015,,297,479,239,,213,127,86,,1.4,2.25,680,,LH,2002,2013,2006-11-30,,,2005-11-07,2011-07-04,,,,,2011-07-21,2008-06-09,2009-07-28,2011-11-18,2013-11-29,2016-05-02,준공,윤강혁,031-729-4424,
성남시,준공,재개발,중3,경기도 성남시 중원구 중동 1500,40239,1970,282,898,556,207,90,27,18,672,323,222,127,545,,187,288,70,,127,62,65,,1.5,2.39,330,,LH,2003,2013,2006-11-30,,,2006-01-06,2011-07-04,,,,,2011-07-14,2008-02-29,2009-08-08,2011-10-28,2013-12-31,2016-05-02,준공,노희경,031-729-4433,
성남시,준공,재건축,삼남아파트,경기도 성남시 중원구 중앙동 578,20124,1985,7,235,,,235,,,356,181,175,,356,,,356,,,,,,,1.12,2.33,234,182,조합,2007,2012,,,,2006-01-16,2010-01-22,,,,2003-06-20,2007-06-25,2008-02-29,2009-03-13,,2012-09-27,2012-08-13,준공,장웅현,031-729-4443,
성남시,준공,재건축,삼창아파트,경기도 성남시 중원구 중앙동 3748-1,41139,1985,3,544,,,544,,,751,441,310,,751,,,751,,,,,,,1.14,2.44,547,443,조합,2007,2012,,,,2006-01-16,2010-10-22,,,,2003-05-19,2007-08-07,2008-03-31,2009-08-20,,2012-12-14,2014-07-07,준공,장웅현,031-729-4443,
성남시,준공,주거환경개선,산성2지구,경기도 성남시 산성동 513,29560,1970~2000,221,712,,,712,,,,,,,,,,,,,,,,,2.9,2.1,238,,市,2004,2008,,,,2003-06-30,2006-06-28,,,,,2004-06-29,,2004-06-01,,2008-04-21,,준공,변도현,031-729-4454,
성남시,준공,주거환경관리,단대동,경기도 성남시 산성대로 383번길 14,49265,1990,120,746,746,,,,,,,,,,,,,,,,,,,2.1,,513,,市,2015,2018,2015-06-22,,2015-06-22,2015-06-22,,,,,,2017-01-23,,2016-12-27,,2018-12-24,,준공,변도현,031-729-4454,
성남시,정비구역,재개발,수진1,경기도 성남시 수정구 수진동 963,261828,1980~2000,2377,6544,6544,,,,,5259,,,846,,,,,,,846,,,,100~200%,2.5,2647,,,,,2019-05-27,2020-12-31,2020-12-31,2020-12-31,,,,,,,,,,,,정비구역 지정 고시,이성재,031-729-4422,
성남시,정비구역,재개발,신흥1,경기도 성남시 수정구 신흥동 4900,196693,1980~2000,1985,5709,5709,,,,,3964,,,664,,,,,,,664,,,,100~200%,2.5,2220,,,,,2019-05-27,2020-12-31,2020-12-31,2020-12-31,,,,,,,,,,,,정비구역 지정 고시,이인선,031-729-4423,
성남시,예정구역,재개발,태평3,경기도 성남시 수정구 태평동 4580,122778,1980~2000,1241,3646,3646,,,,,,,,,,,,,,,,,,,100~200%,2.5,1278,,,,,2019-05-27,2022-12-31,,,,,,,,,,,,,,정비예정구역 고시,정혜인,031-729-4873,
성남시,예정구역,재개발,상대원3,경기도 성남시 중원구 상대원동 2780,427629,1980~2000,2573,11000,11000,,,,,,,,,,,,,,,,,,,100~200%,2.5,2713,,,,,2019-05-27,2022-12-31,,,,,,,,,,,,,,정비예정구역 고시,김상우,031-729-4432,
성남시,예정구역,재개발,신흥3,경기도 성남시 수정구 신흥동 2890,152263,1980~2000,1402,4007,4007,,,,,,,,,,,,,,,,,,,100~200%,2.5,1497,,,,,2019-05-27,2022-12-31,,,,,,,,,,,,,,정비예정구역 고시,이인선,031-729-4423,
성남시,예정구역,재건축,한신아파트,경기도 성남시 수정구 신흥동 2463-1,22374,1990,5,585,585,,,,,,,,,,,,,,,,,,,,2.5,585,,,,,2019-05-27,2020-12-31,,,,,,,,,,,,,,정비예정구역 고시,장웅현,031-729-4443,
성남시,예정구역,재건축,삼익금광아파트,경기도 성남시 중원구 금광동 3950,12251,1991,4,498,498,,,,,,,,,,,,,,,,,,,,2.5,498,,,,,2019-05-27,2022-12-31,,,,,,,,,,,,,,정비예정구역 고시,장웅현,031-729-4443,
성남시,예정구역,재건축,삼익상대원아파트,경기도 성남시 중원구 상대원동 152-3,6067,1991,2,264,264,,,,,,,,,,,,,,,,,,,,2.5,264,,,,,2019-05-27,2022-12-31,,,,,,,,,,,,,,정비예정구역 고시,장웅현,031-729-4443,
성남시,예정구역,재건축,두산아파트,경기도 성남시 수정구 신흥동 2024,21590,1993,6,570,570,,,,,,,,,,,,,,,,,,,,2.5,570,,,,,2019-05-27,2026-12-31,,,,,,,,,,,,,,정비예정구역 고시,장웅현,031-729-4443,
성남시,예정구역,재건축,일성아파트,경기도 성남시 중원구 상대원동 178-6,8024,1993,1,270,270,,,,,,,,,,,,,,,,,,,,2.5,270,,,,,2019-05-27,2026-12-31,,,,,,,,,,,,,,정비예정구역 고시,장웅현,031-729-4443,
성남시,예정구역,재건축,청구아파트,경기도 성남시 수정구 신흥동 2464-1,17942,1994,3,493,493,,,,,,,,,,,,,,,,,,,,2.5,493,,,,,2019-05-27,2028-12-31,,,,,,,,,,,,,,정비예정구역 고시,장웅현,031-729-4443,
성남시,예정구역,재건축,미도아파트,경기도 성남시 수정구 단대동 182,10913,1982,3,280,280,,,,,,,,,,,,,,,,,,,2.03,2.5,286,,,,,2006-11-30,2020-12-31,,,,,2012-03-09,2016-06-01,,,,,,,,정비예정구역 고시,장웅현,031-729-4443,
성남시,추진위원회,도시환경,도환중2,경기도 성남시 중원구 중앙동 196,39346,1986,268,713,443,164,71,21,14,1123,1123,,,1123,,455,668,,,,,,,100~300%,8,372,,추진위,2006,2025,2006-11-30,2011-12-31,2014-06-19,2015-11-11,,2016-06-29,,,,,,,,,,조합설립인가 준비 중,장용일,031-729-4473,
성남시,조합설립,재건축,성지?궁전아파트,경기도 성남시 중원구 상대원동 195-5,26223,1987,15,709,,,709,,,818,818,,,818,,,,,,,,,,1.31,2.5,699,682,조합,2015,,2012-01-30,2015-12-31,2014-01-28,2015-03-09,2015-03-09,2017-01-26,2006-08-23,2013-07-05,2019-01-09,,,,,,,조합설립인가,이경동,031-729-4442,
성남시,사업시행,재개발,상대원2,경기도 성남시 중원구 상대원동 3910,242045,1986,2092,6075,3768,1397,606,182,122,5090,4470,,620,4470,,2069,2257,144,,620,620,,,100~200%,2.65,2571,2324,조합,2014,2023,2006-11-30,2011-12-31,2013-11-04,2014-02-24,2019-08-05,2014-06-13,,,2015-04-20,2020-01-13,,,,,,사업시행인가,김상우,031-729-4432,
성남시,준공,재건축,건우아파트,경기도 성남시 수정구 태평로 64,17915,1987,7,470,,320,150,,,503,307,196,,503,,,420,83,,,,,,1.56,2.49,305,305,조합,2010,2018,2006-11-30,2010-12-31,2009-08-01,2010-04-28,2013-04-22,2012-04-19,,2002-12-30,2003-05-26,2012-05-17,2015-09-03,2016-05-11,2016-06-03,2018-10-12,2019-01-28,준공,장웅현,031-729-4443,
수원시,사업시행,재개발,115-3,경기도 수원시 팔달구 고등동 94-1,63233,,,980,,,,,,1171,1087,,84,983,36,650,455,30,,84,,,,2,2.23,602,379,조합,2006,,2006-09-14,2010-12-31,,2009-03-13,2017-08-30,2006-11-08,,,2009-06-05,2011-09-08,,,,,,사업시행인가 변경 중,박정미,031-228-3483,
수원시,사업시행,재건축,"영통 2구역(매탄주공 4,5단지)",경기도 수원시 영통구 매탄동 897,222842,1985,65,2440,,1164,132,1008,136,4002,2402,1600,,4002,,976,2527,479,20,,,,,"73%, 127%",2.6,2420,2371,조합,2016,2025,2012-09-26,2014-12-31,2015-12-31,2015-12-16,,2016-10-31,2013-02-15,2013-08-02,2017-10-12,2021-05-03,,,,,,관리처분계획인가 준비 중,이용석,031-228-3414,
수원시,착공,주거환경개선,115-2구역(고등지구),경기도 수원시 팔달구 고등동 270,362871,1900~1980,1397,5822,2304,2664,714,110,30,4871,2675,797,1399,3472,,652,2820,,,1399,500,614,285,2.5,1.87,3534,,LH,2006,2021,2006-09-14,,,2006-12-26,2008-09-23,,,,,2008-11-27,,2019-01-17,2019-03-12,,,착공,손주연,031-228-3497,
수원시,준공,재건축,매탄주공2단지아파트,경기도 수원시 영통구 매탄동 176,190493,1982,70,2820,,2820,,,,3391,2836,555,,3391,,687,1748,956,,,,,,0.87,2.49,2918,2595,조합,2002,2008,,,,2004-12-24,,,,2001-01-15,2002-05-16,2004-12-31,2005-04-26,2005-05-16,2005-06-03,2008-05-09,2010-07-27,준공,이용석,031-228-3414,
수원시,사업시행,재개발,111-3,경기도 수원시 장안구 영화동 93-6,28863,1942-2006,108,355,18,107,176,36,18,556,494,,62,494,,327,167,,,62,62,,,2,2,217,209,조합,2006,2026,2006-09-14,2010-12-31,,2009-07-03,2011-10-05,2006-11-08,,,2009-10-28,2021-03-25,,,,,,조합원분양 준비 중,권은빈,031-228-3484,
수원시,사업시행,주거환경개선,113-7구역(평동지구),경기도 수원시 권선구 평동 35-6,152940,1900~1980,363,916,916,,,,,,,,,,,,,,,,,,,2.5,,423,,市,2019,2022,2006-09-14,,,2006-12-11,,,,,,,,,,,,2단계 보상 협의 중,백동문,031-228-3499,
수원시,관리처분,재개발,115-10,경기도 수원시 팔달구 지동 349-1,83207,1984~2005,369,1018,51,305,509,102,51,1154,332,763,59,1095,,193,762,109,31,59,59,,,2,1.9,574,336,조합,2006,,2006-09-14,2010-12-31,2009-12-09,2010-06-01,2019-01-04,2006-12-28,,,2011-03-24,2017-03-09,2018-06-20,,,,,이주 중,정재웅,031-228-2417,
수원시,관리처분,재개발,113-6,경기도 수원시 팔달구 세류동 817-72,126336,1978~2005,494,1378,69,413,689,138,69,2178,791,1231,156,2022,,619,1319,84,,156,156,,,2,2.29,983,701,조합,2006,,2006-09-14,,2009-01-12,2009-01-12,2016-08-25,2007-01-22,,,2009-08-25,2012-06-18,2018-06-08,,,,,이주 및 철거 중,정재웅,031-228-2417,
수원시,착공,재개발,111-1,경기도 수원시 장안구 정자동 530-6,138401,1950~2005,441,1406,70,422,703,141,70,2607,815,1608,184,2423,,1323,992,108,,184,184,,,2,2.3,930,686,조합,2006,,2006-09-14,,,2009-04-21,2019-08-22,2006-11-08,,,2009-10-26,2015-05-19,2018-04-10,2021-02-26,,,,이주 및 철거 중,김연지,031-228-3393,
수원시,착공,재개발,115-9,경기도 수원시 팔달구 인계동 847-3,171786,1978~2005,696,2061,103,618,1031,206,103,3432,1026,2165,241,3191,343,1142,1619,87,,241,241,,,2,2.45,1328,1325,조합,2006,,2006-09-14,,,2009-07-10,2019-09-11,2006-11-21,,,2010-01-06,2015-12-11,2017-03-23,2020-06-18,2020-06-19,,,일반분양/착공,박정미,031-228-3483,
수원시,착공,재개발,113-12,경기도 수원시 권선구 오목천동 482-2,44759,1978~2005,101,518,26,155,259,52,26,930,150,713,67,863,4,396,463,,,67,67,,,2,2.29,167,124,조합,2006,,2006-09-14,2008-12-31,2008-02-20,2009-05-20,2017-05-01,2006-12-15,,,2010-07-05,2017-12-05,2018-10-17,2019-12-12,2020-03-09,,,일반분양/착공,권은빈,031-228-3484,
수원시,착공,재개발,115-8,경기도 수원시 팔달구 매교동 209-14,223011,1978~2005,855,2830,142,849,1414,283,142,3603,1687,1795,121,3482,,1308,1996,178,,121,121,,,2,2.22,1877,1877,조합,2006,2022,2006-09-14,2010-12-31,2009-09-22,2010-07-26,2019-08-13,2008-07-08,,,2010-12-17,2016-06-29,2017-08-25,2019-12-30,2020-02-18,,,일반분양/착공,박정미,031-228-3483,
수원시,착공,재개발,115-6,경기도 수원시 팔달구 교동 155-41,139295,1978~2005,584,1672,84,505,841,158,84,2586,854,1550,182,2404,52,904,1420,28,,182,114,68,,2,2.24,1075,1075,조합,2006,2022,2006-09-14,,,2009-05-25,2018-11-07,2007-01-08,,,2009-09-24,2015-12-31,2017-08-02,2019-12-12,2019-12-13,,,일반분양/착공,정재웅,031-228-2417,
수원시,착공,재개발,111-4,경기도 수원시 장안구 조원동 431-2,35739,1972~2005,135,406,20,122,203,41,20,666,144,475,47,619,67,152,400,,,47,47,,,2,2.28,259,138,조합,2006,2022,2006-09-14,,,2009-01-20,2019-08-22,2006-11-21,,,2009-07-29,2015-07-23,2017-03-21,2019-11-22,2020-04-09,,,일반분양/착공,김연지,031-228-3393,
수원시,착공,재건축,111-5구역,경기도 수원시 장안구 연무동 224,53074,1983,100,941,,941,,,,1130,744,386,,1130,,676,454,,,,,,,2.2,2.49,765,727,조합,2006,,2006-09-14,2008-12-31,2011-09-08,2012-01-27,2020-02-17,2007-01-04,,2010-05-28,2016-07-05,2018-05-23,2019-03-07,2020-05-12,2020-06-18,,,공사 중,김민지,031-228-3397,
수원시,준공,재개발,115-1,경기도 수원시 팔달구 화서동 4-26,11501,1978~2005,59,145,7,44,72,15,7,198,45,153,,198,,54,144,,,,,,,2,2.2,79,79,조합,2006,2014,2006-09-14,,,2009-03-13,2011-11-04,2006-11-08,,,2009-07-15,2010-11-25,2011-10-26,2012-06-27,2012-06-28,2014-06-27,2014-09-29,준공,박정미,031-228-3483,
수원시,준공,재건축,권선주공 1.3차아파트,경기도 수원시 권선구 권선동 1067,96058,1983,73,1166,81,335,539,132,79,1754,1149,411,194,1560,,174,708,378,300,194,194,,,1.6,2.4,1015,1015,조합,2003,2011,,,,2005-01-10,,,,2003-05-23,2003-06-19,2005-03-18,2005-12-26,2007-10-31,,2011-09-21,2011-12-13,준공,김민지,031-228-3397,
수원시,준공,재건축,송림아파트,경기도 수원시 장안구 정자동 423-1,24784,1982,11,350,17,106,175,35,17,481,343,138,,481,,,109,284,88,,,,,1.4,2.29,355,355,조합,1999,2009,,,,2004-11-08,,,,1999-11-30,1999-11-22,2004-12-22,2005-05-07,2005-05-13,2005-05-26,2009-07-24,2009-08-25,준공,김민지,031-228-3397,
수원시,준공,재건축,화서주공 2단지아파트,경기도 수원시 팔달구 화서동 79-5,84660,1978,36,1630,120,482,715,193,120,1690,1545,18,127,1563,,,267,1148,148,127,,,127,1.1,2.43,1392,1392,조합,2001,2009,,,,2005-03-28,,,,2000-12-19,2001-12-21,2005-04-06,2005-12-23,2006-06-26,2006-12-01,2009-12-17,2010-03-18,준공,김민지,031-228-3397,
수원시,준공,재건축,권선주공 2단지아파트,경기도 수원시 권선구 권선동 1035,61894,1985,34,758,21,219,421,76,21,1018,727,188,103,915,,370,210,170,165,103,103,,,0.9,2.29,728,728,조합,2003,2009,,,,2005-04-04,,,,2003-04-07,2003-06-30,2005-04-26,2005-12-16,2006-11-16,2006-12-06,2009-03-23,2009-04-03,준공,김민지,031-228-3397,
수원시,예정구역,재건축,영통 3구역(원천 주공),경기도 수원시 영통구 원천동 35,48248,1987,8,1320,,810,390,120,,,,,,,,,,,,,,,,1.72,2.5,1320,,,,,2012-09-26,2016-12-31,,,,,,2016-09-05,,,,,,,,안전진단 미통과,이용석,031-228-3413,
수원시,예정구역,재건축,파장1(삼익아파트),경기도 수원시 장안구 파장동 212-5,10737,1978,3,220,,22,132,66,,,,,,,,,,,,,,,,1.7,,,,,2020,,2019-03-04,2020-12-31,,,,,,2020-07-03,,,,,,,,안전진단 미통과,이용석,031-228-3413,
수원시,예정구역,재건축,"우만1(우만주공1,2단지)",경기도 수원시 팔달구 우만동 28,82433,1988,25,1484,,500,864,120,,,,,,,,,,,,,,,,1.23,,,,,2022,,2019-03-04,2022-12-31,,,,,,,,,,,,,,2022년 안전진단 추진 예정,이용석,031-228-3414,
수원시,예정구역,재건축,망포1(청와아파트),경기도 수원시 영통구 망포동 291,15305,1988,21,353,,273,80,,,,,,,,,,,,,,,,,1.26,,,,,2024,,2019-03-04,2024-12-31,,,,,,,,,,,,,,2024년 안전진단 추진 예정,이용석,031-228-3414,
수원시,예정구역,도시환경,팔달2매산(성매매집결지),경기도 수원시 매산로1가 114-3,22662,,,93,,,,,,,,,,,,,,,,,,,,,5,51,,,,,2017-05-04,2018-12-31,,,,,,,,,,,,,,정비예정구역 고시,손주연,031-228-3497,
수원시,조합설립,재개발,영통1구역,경기도 수원시 영통구 매탄동 173-50,51702,1980~2011,157,907,45,272,454,91,45,862,,,,929,,,,,,,,,,2,2.36,519,519,조합,2012,,2012-09-26,2016-12-31,,2017-01-09,2017-09-08,2017-06-29,,,2018-01-09,,,,,,,사업시행인가 준비 중,김연지,031-228-3393,
수원시,조합설립,재건축,권선 1구역(동남아파트),경기도 수원시 권선구 서둔동 361,16525,1987,8,380,,,380,,,442,442,,,442,,,,,,,,,,1.3,2.3,380,356,조합,2016,2026,2012-09-26,2016-12-31,,2018-05-31,2021-05-27,2018-08-27,,2016-09-05,2020-04-17,,,,,,,사업시행계획인가 준비 중,이용석,031-228-3414,
수원시,조합설립,재건축,권선 2구역(성일아파트),경기도 수원시 권선구 서둔동 361-1,16524,1987,7,370,,370,,,,439,439,,,439,,,,,,,,,,1.38,2.3,370,367,조합,2016,2026,2012-09-26,2016-12-31,,2018-05-31,2021-06-30,2019-02-14,,2016-09-05,2020-03-19,,,,,,,사업시행계획인가 준비 중,이용석,031-228-3414,
수원시,사업시행,재건축,115-12구역,경기도 수원시 팔달구 인계동 319-6,44549,1983,12,1185,,423,546,216,,1305,1120,185,,1305,,1077,228,,,,,,,1.84,2.5,1165,1120,조합,2006,2025,2006-09-14,2010-12-31,2012-05-21,2012-10-19,,2009-12-15,,2011-05-31,2016-11-16,2020-08-07,,,,,,관리처분계획인가 준비 중,김민지,031-228-3397,
수원시,사업시행,재건축,팔달 1구역(현대아파트),경기도 수원시 팔달구 우만동 129-1,58773,1985,43,404,,,,264,140,1272,592,680,,1272,,797,401,74,,,,,,1.24,2.5,469,466,조합,2016,2026,2012-09-26,2014-12-31,2015-12-16,2015-12-16,2020-03-02,2016-03-17,2013-02-15,2013-08-02,2016-09-07,2021-06-21,,,,,,관리처분계획인가 준비 중,이용석,031-228-3414,
수원시,준공,재건축,천천주공,경기도 수원시 장안구 천천동 333,134582,1986,64,1990,123,575,941,228,123,2571,1973,388,210,2361,,515,820,814,212,210,,,210,0.8,2.45,2030,1984,조합,2003,2009,,,,2005-03-28,,,,2003-03-14,2003-04-11,2005-04-04,2005-12-15,2006-03-27,2006-07-14,2009-01-08,2009-01-15,준공,김민지,031-228-3397,
수원시,준공,재건축,인계주공아파트,경기도 수원시 팔달구 인계동 384,66971,1984,28,830,51,241,396,91,51,1351,828,391,132,1219,,154,543,522,,132,,132,,0.7,2.49,846,846,조합,2003,2009,,,,2005-05-02,,,,2003-03-24,2003-05-29,2005-05-09,2005-12-26,2006-11-09,2006-11-16,2009-08-26,2010-02-19,준공,김민지,031-228-3397,
수원시,준공,재건축,향원아파트,경기도 수원시 팔달구 인계동  865-10,23239,1979,10,590,222,116,185,45,22,431,287,114,30,401,,,86,219,96,30,,30,,0.6,2.49,339,339,조합,1997,2009,,,,2005-05-12,,,,1996-01-30,1997-02-26,2005-05-17,2005-12-26,2006-12-05,2006-12-14,2009-09-24,2009-10-16,준공,김민지,031-228-3397,
수원시,준공,재건축,우람아파트,경기도 수원시 팔달구 화서동 349-1,37641,1981,22,696,8,207,409,64,8,807,670,83,54,753,,,112,496,145,54,54,,,0.8,2.47,711,711,조합,2003,2009,,,,2005-05-09,,,,2000-12-04,2003-06-30,2005-05-17,2005-12-27,2006-06-30,2008-10-23,2009-05-22,2009-05-28,준공,김민지,031-228-3397,
수원시,준공,주거환경개선,113-4구역(세류지구),경기도 수원시 권선구 세류동 334-88,230283,1900~1980,911,2787,1112,1297,327,45,6,2682,2097,,585,2097,,451,1484,162,,585,401,184,,2.5,2,1372,,LH,2006,2014,2006-09-14,,,2006-12-11,,,,,,2007-11-06,,2012-12-31,2014-04-09,2015-08-06,,준공,손주연,031-228-3497,
수원시,준공,주거환경관리,매산지구,경기도 수원시 팔달구 매산로3가 109-2,94896,1955~2013,678,1247,1247,,,,,,,,,,,,,,,,,,,2,,678,,市,2015,2019,2015-01-09,2014-12-31,2014-11-18,2015-01-09,,,,,,,,2016-08-11,,2019-12-31,,준공,박기복,031-228-3420,
수원시,준공,주거환경관리,행궁지구,경기도 수원시 장안동 110-7,137475,1923~2010,553,1680,1680,,,,,,,,,,,,,,,,,,,2,,195,,市,2014,2016,2014-05-23,,,2014-05-23,,,,,,,,2014-05-14,,2015-12-31,,준공,손주연,031-228-3497,
수원시,예정구역,재건축,원천1(아주아파트),경기도 수원시 영통구 원천동 71-1,10494,1983,9,228,,132,60,36,,,,,,,,,,,,,,,,1.72,,,,,2020,,2019-03-04,2020-12-31,,,,,,2020-07-03,,,,,,,,안전진단 미통과,이용석,031-228-3413,
수원시,예정구역,재건축,세류1(미영아파트),경기도 수원시 권선구 세류동 1147,28654,1989,11,600,,208,320,72,,,,,,,,,,,,,,,,1.23,,,,,2026,,2019-03-04,2026-12-31,,,,,,,,,,,,,,2026년 안전진단 추진 예정,이용석,031-228-3414,
시흥시,예정구역,재건축,대야동 삼보,경기도 시흥시 대야동 275,19933,1980~2020,9,335,335,,,,,,,,,,,,,,,,,,,2.8,3,871,,,,,2020-12-16,2022-12-31,,,,,,,,,,,,,,정비예정구역 고시,현교훈,031-310-3762,
시흥시,예정구역,재개발,신천동 동진,경기도 시흥시 신천동 858,21056,1980~2020,32,474,474,,,,,,,,,,,,,,,,,,,2.8,3,1232,,,,,2020-12-16,2029-12-31,,,,,,,,,,,,,,정비예정구역 고시,현교훈,031-310-3762,
시흥시,예정구역,재개발,은행1,경기도 시흥시 은행동 251-6,23561,1980~2020,69,401,401,,,,,,,,,,,,,,,,,,,2.3,2.5,1043,,,,,2020-12-16,2022-12-31,,,,,,,,,,,,,,정비예정구역 고시,현교훈,031-310-3762,
시흥시,예정구역,재개발,은행2,경기도 시흥시 은행동 276-10,44333,1980~2020,64,783,783,,,,,,,,,,,,,,,,,,,2.3,2.5,2036,,,,,2020-12-16,2029-12-31,,,,,,,,,,,,,,정비예정구역 고시,현교훈,031-310-3762,
시흥시,예정구역,재개발,목감1,경기도 시흥시 조남동 171-4,62950,1980~2020,57,1534,1534,,,,,,,,,,,,,,,,,,,2.8,3,3988,,,,,2020-12-16,2026-12-31,,,,,,,,,,,,,,정비예정구역 고시,현교훈,031-310-3762,
시흥시,예정구역,재건축,목감2,경기도 시흥시 목감동 242-9,38020,1980~2020,43,800,800,,,,,,,,,,,,,,,,,,,2.8,3,2080,,,,,2020-12-16,2022-12-31,,,,,,,,,,,,,,정비예정구역 고시,현교훈,031-310-3762,
시흥시,사업시행,재건축,대야3,경기도 시흥시 대야동 284,34908,1985~1986,19,1025,,1025,,,,1026,1026,,,1026,,,,,,,,,,1.8,3,1025,996,조합,2013,,2015-05-04,2016-12-31,2016-12-30,2016-12-30,2017-11-10,2017-05-11,,2013-07-25,2018-04-03,2020-09-29,,,,,,사업시행계획 인가,현교훈,031-310-3762,
시흥시,착공,재개발,대야동,경기도 시흥시 대야동 303일대,77503,1900~2003,110,673,673,,,,,1382,541,771,70,1312,105,572,635,,,70,51,19,,100~200%,2.39,545,375,조합,2006,,,,,2009-05-22,2015-10-12,2006-08-04,,,2009-09-14,2015-10-08,2016-02-18,2016-12-29,2017-12-08,,,착공,현교훈,031-310-3762,
시흥시,준공,주거환경개선,복음자리,경기도 시흥시 신천동 33일대,14193,1979~2003,234,234,234,,,,,313,250,,63,250,,250,,,,63,63,,,50~100%,2.15,245,,LH,2005,2010,,,,2005-10-10,,,,,,2005-12-31,,2008-07-17,2008-08-30,2010-07-05,,준공,현교훈,031-310-3762,
시흥시,예정구역,재개발,은행동 산호,경기도 시흥시 은행동 243-1,14621,1980~2020,23,342,342,,,,,,,,,,,,,,,,,,,2.3,2.5,889,,,,,2020-12-16,2026-12-31,,,,,,,,,,,,,,정비예정구역 고시,현교훈,031-310-3762,
시흥시,예정구역,재개발,포동1,경기도 시흥시 포동 2,81969,1980~2020,95,1272,1272,,,,,,,,,,,,,,,,,,,2.8,3,3307,,,,,2020-12-16,2026-12-31,,,,,,,,,,,,,,정비예정구역 고시,현교훈,031-310-3762,
시흥시,조합설립,재건축,거모3,경기도 시흥시 거모동 1474-1,19540,1989~1991,10,492,,410,82,,,,,,,,,,,,,,,,,3,3,513,497,조합,2013,,2015-05-04,2017-10-01,2017-12-26,2017-12-26,,2020-02-06,,2013-07-10,2021-02-09,,,,,,,조합설립 인가,현교훈,031-310-3762,
안산시,예정구역,재건축,주공7단지,경기도 안산시 고잔동 670,53500,1987,11,1020,,240,780,,,,,,,,,,,,,,,,,1.68,2.6,1020,,,,,2013-04-25,2015-04-25,,,,,,,,,,,,,,정비예정구역 고시,김병식,031-481-2405,
안산시,예정구역,재건축,주공8단지,경기도 안산시 고잔동 671,53600,1987,10,1020,,300,720,,,,,,,,,,,,,,,,,1.78,2.6,1020,,,,,2013-04-25,2015-04-25,,,,,,,,,,,,,,정비예정구역 고시,김병식,031-481-2405,
안산시,예정구역,재건축,주공9단지,경기도 안산시 고잔동 672,68400,1986,12,1320,,240,1080,,,,,,,,,,,,,,,,,1.77,2.6,1320,,,,,2013-04-25,2013-04-25,,,,,,,,,,,,,,정비예정구역 고시,김병식,031-481-2405,
안산시,추진위원회,재건축,선부연립1,경기도 안산시 선부동 963,46909,1988~1990,41,735,54,579,102,,,989,989,,,989,,,,,,,,,,1.18,2.4,735,,추진위,,,2013-04-25,2017-04-25,,2020-08-26,,2020-09-29,2017-05-18,2017-08-18,,,,,,,,조합설립인가 준비 중,윤진희,031-481-2398,
안산시,예정구역,재건축,군자주공9,경기도 안산시 선부동 967,29529,1989,14,540,,,540,,,,,,,,,,,,,,,,,2.3,2.6,540,,,,,2017-12-13,2020-12-31,,,,,2020-11-18,,,,,,,,,정비예정구역 고시,김병식,031-481-2405,
안산시,예정구역,재건축,현대1차아파트,경기도 안산시 성포동 592-2,22046,1989,13,570,,,570,,,,,,,,,,,,,,,,,2.3,2.6,570,,,,,2017-12-13,2020-12-31,,,,,2020-11-25,,,,,,,,,정비예정구역 고시,김병식,031-481-2405,
안산시,예정구역,재건축,월드아파트,경기도 안산시 본오동 872,49553,1989,38,1070,,,1070,,,,,,,,,,,,,,,,,2.3,2.6,1070,,,,,2017-12-13,2020-12-31,,,,,2020-11-26,,,,,,,,,정비예정구역 고시,김병식,031-481-2405,
안산시,추진위원회,재건축,고잔연립2,경기도 안산시 고잔동 576,57800,1986~2004,45,898,288,513,49,,48,1112,1112,,,1112,,,,,,,,,,1.19,2.4,856,,추진위,,,2013-04-25,,2017-11-24,2017-11-24,,2018-04-30,2015-03-06,2015-06-18,,,,,,,,조합설립인가 준비 중,추재철,031-481-2398,
안산시,추진위원회,재건축,주공6단지,경기도 안산시 고잔동 676-2,41191,1986,17,590,284,306,,,,1060,1060,,,1060,,876,184,,,,,,,0.87,2.6,572,,추진위,2013,,2013-04-25,2013-04-25,2014-10-20,2015-08-28,,2015-12-01,2013-11-18,2014-02-20,,,,,,,,조합설립인가 준비 중,추재철,031-481-2388,
안산시,조합설립,재건축,주공5단지1,경기도 안산시 고잔동 675,35748,1986,16,570,204,366,,,,902,902,,,902,,638,264,,,,,,,0.8,2.5,562,562,조합,2013,,2013-04-25,2013-04-25,2014-10-20,2015-08-28,,2015-12-10,2013-11-18,2014-02-20,2017-08-30,,,,,,,사업시행인가 준비 중,주상철,031-481-2909,
안산시,관리처분,재건축,고잔연립9,경기도 안산시 고잔동 648-1,20753,1990,15,299,,,287,4,8,446,446,,,446,,262,184,,,,,,,1.68,2.3,299,296,조합,2013,,2013-04-25,2013-04-25,2014-10-20,2015-08-28,,2016-11-17,2013-11-18,2014-02-20,2017-06-21,2020-04-29,2021-06-08,,,,,관리처분계획인가 준비 중,추재철,031-481-2388,
안산시,사업시행,재건축,산호연립,경기도 안산시 상록구 건건동 894-14,7301,1993,6,123,,123,,,,133,124,9,,133,,46,87,,,,,,,1.04,2.3,124,124,조합,2003,,2006-09-15,,,2014-04-03,2019-08-27,2003-12-30,2003-12-23,2006-11-23,2009-03-18,2020-05-27,,,,,,사업시행인가,윤진희,031-481-2398,
안산시,관리처분,재건축,인정프린스아파트,경기도 안산시 상록구 건건동 894-1,26019,1990,12,540,,400,140,,,725,485,207,33,692,,407,285,,,33,,33,,1.6,2.99,540,471,조합,2003,,2006-09-15,,2009-11-09,2009-10-29,2016-05-24,2003-12-31,2004-05-24,2005-05-26,2010-02-23,2018-07-05,2020-07-08,,,,,이주 준비,신미영,031-481-2386,
안산시,관리처분,재건축,선부동2,경기도 안산시 단원구 선부동 998,16151,1987∼2006,57,350,,350,,,,364,89,253,22,342,,238,104,,,22,,22,,1.64,2.5,81,56,조합,2008,,2006-09-15,,,2011-03-29,2014-06-27,2008-03-31,,,2011-10-13,2014-12-31,2018-11-02,,,,,이주 준비,주상철,031-481-2909,
안산시,착공,재건축,선부동3,경기도 안산시 단원구 선부동 1007,48063,1988~2004,152,1165,,1165,,,,1021,105,869,47,974,,587,387,,,47,,47,,1.46,2.5,148,85,조합,2008,,2006-09-15,,,2011-03-29,2014-06-27,2008-10-02,,,2011-09-09,2015-04-23,2018-05-04,2021-02-03,2021-02-17,,,착공,주상철,031-481-2909,
안산시,착공,재건축,원곡연립1단지,경기도 안산시 단원구 원곡동 829,76640,1981~1995,76,1126,,1126,,,,1714,1109,605,,1714,,1352,362,,,,,,,1.05,2.3,1126,1101,조합,2003,,2006-09-15,,2010-11-25,2011-03-28,2016-09-27,2006-09-28,2005-09-30,2006-03-08,2013-01-30,2017-05-01,2017-12-28,2020-03-18,2020-03-24,,,착공,추재철,031-481-2388,
안산시,착공,재건축,원곡연립2단지,경기도 안산시 단원구 원곡동 838,64810,1981~1995,61,1123,,1123,,,,1450,996,425,29,1421,,997,424,,,29,,29,,1.27,2.5,1123,1110,조합,2003,,2006-09-15,,,2011-03-28,2018-03-13,2006-06-01,2005-09-30,2006-03-08,2011-09-19,2015-09-24,2017-04-17,2018-11-19,2019-11-28,,,착공,신미영,031-481-2386,
안산시,준공,재건축,군자주공7단지,경기도 안산시 단원구 선부동 961,28781,1985,13,480,270,210,,,,719,477,242,,719,,424,295,,,,,,,0.77,2.64,480,472,조합,2003,2015,2006-09-15,,,2008-09-04,2016-10-14,2003-12-18,2004-05-13,2005-05-02,2010-01-26,2015-10-27,2016-10-13,2018-01-24,2018-03-29,2020-09-25,2021-03-31,준공,윤진희,031-481-2398,
안산시,준공,재건축,건건동1(양지연립포함),경기도 안산시 건건동 606,15437,1943~2001,54,267,190,73,3,1,,390,248,142,,390,,335,55,,,,,,,1.25,2.15,249,243,조합,2003,2016,2006-09-15,,,2011-11-23,2018-03-14,2009-04-22,2004-02-13,,2012-04-18,2014-04-15,2016-12-26,2017-12-15,2017-12-20,2020-06-12,2021-02-24,준공,신미영,031-481-2386,
안산시,예정구역,재건축,주공4단지,경기도 안산시 성포동 588,46900,1986,8,780,,,725,55,,,,,,,,,,,,,,,,1.81,2.6,780,,,,,2013-04-25,2013-04-25,,,,,2021-05-13,,,,,,,,,안전진단 추진예정,김병식,031-481-2405,
안산시,예정구역,재건축,고잔연립4,경기도 안산시 고잔동 661-3,75200,1989~1991,62,1127,19,952,156,,,,,,,,,,,,,,,,,1.16,2.4,1127,,,,,2013-04-25,2019-04-25,,,,,2019-12-12,,,,,,,,,정비예정구역 고시,김병식,031-481-2405,
안산시,예정구역,재건축,군자주공10,경기도 안산시 선부동 1083,46318,1989,23,790,,,790,,,,,,,,,,,,,,,,,2.3,2.6,790,,,,,2017-12-13,2020-12-31,,,,,2020-11-19,,,,,,,,,정비예정구역 고시,김병식,031-481-2405,
안산시,조합설립,재건축,팔곡일동1,경기도 안산시 팔곡일동 264-5,22865,1956~2004,68,299,,299,,,,378,378,,,378,,,378,,,,,,,1.19,2.6,230,,조합,2009,,2006-09-15,,2011-10-07,2012-03-16,,2009-05-25,,,2021-03-12,,,,,,,조합설립인가,신미영,031-481-2386,
안산시,사업시행,재건축,주공5단지2,경기도 안산시 고잔동 674,42750,1986,21,538,,348,190,,,1014,1014,,,1014,,650,329,35,,,,,,0.77,2.5,537,530,조합,2013,,2013-04-25,2013-04-25,2014-10-20,2015-08-28,,2016-07-28,2013-11-18,2014-02-20,2017-05-08,2020-09-08,,,,,,관리처분계획인가 준비 중,주상철,031-481-2909,
안산시,착공,재건축,고잔연립8,경기도 안산시 고잔동 631-1,17750,1989~1991,17,297,66,149,73,9,,449,291,158,,449,,377,72,,,,,,,1.12,2.52,297,284,조합,2013,,2013-04-25,2013-04-25,2014-10-20,2015-08-28,,2016-04-25,2013-11-18,2014-02-20,2017-06-21,2019-02-28,2020-03-11,2021-03-31,,,,착공,추재철,031-481-2388,
안산시,준공,재건축,성포주공3단지,경기도 안산시 상록구 성포동 587,56229,1985,23,700,,700,,,,1129,709,420,,1129,,123,973,33,,,,,,0.81,2.59,710,693,조합,2003,2015,2006-09-15,,,2009-02-11,2013-10-16,2003-12-18,2004-05-06,2005-05-26,2009-05-28,2013-11-29,2015-03-31,2015-10-28,2015-10-29,2018-09-21,2020-03-25,준공,추재철,031-481-2388,
안산시,준공,재건축,군자주공4단지,경기도 안산시 단원구 초지동 604,34394,1982,19,766,,766,,,,695,567,128,,695,,98,502,95,,,,,,0.86,2.45,565,563,조합,2003,2014,2006-09-15,,,2008-09-04,2012-07-23,2003-12-18,2003-12-05,2004-09-10,2008-11-17,2009-02-25,2011-03-11,2013-01-15,2015-07-10,2015-07-10,2016-09-20,준공,류동구,031-481-2398,
안산시,준공,재건축,군자주공6단지,경기도 안산시 단원구 선부동 953,93027,1984,36,1080,200,490,390,,,2017,1091,926,,2017,,318,1637,62,,,,,,0.76,2.59,1084,1077,조합,2003,2014,2006-09-15,,,2008-09-04,2015-03-05,2003-12-15,2004-05-18,2005-05-02,2008-11-17,2008-12-31,2016-05-17,2017-02-13,2017-02-23,2020-01-30,2020-05-20,준공,김명선,031-481-2909,
안산시,준공,재건축,원곡연립3단지,경기도 안산시 단원구 원곡동 848,57626,1980~1993,48,792,66,514,212,,,1244,773,471,,1244,,976,268,,,,,,,1.11,2.5,912,805,조합,2003,2016,2006-09-15,,,2011-03-28,2016-03-16,2006-08-16,2005-09-30,2006-03-08,2012-04-20,2014-07-07,2015-09-25,2016-09-22,2016-10-20,2019-06-20,2020-03-11,준공,류동구,031-481-2398,
안산시,준공,재건축,초지연립1단지,경기도 안산시 단원구 초지동 590,68934,1983~1996,61,1026,54,761,211,,,1548,1031,517,,1548,,1132,416,,,,,,,1.17,2.5,1039,984,조합,2003,2016,2006-09-15,,,2011-03-28,2014-05-23,2006-09-28,2005-09-30,2006-03-08,2011-08-16,2014-07-08,2015-10-02,2016-10-14,2016-10-20,2019-06-20,2020-03-11,준공,추재철,031-481-2388,
안산시,준공,재건축,초지연립상단지,경기도 안산시 단원구 초지동 605,55879,1981~2002,54,832,,598,234,,,1238,838,400,,1238,,830,408,,,,,,,1.02,2.5,801,790,조합,2003,2016,2006-09-15,,,2011-03-28,2016-04-07,2006-06-01,2005-09-30,2006-03-08,2011-08-22,2014-07-15,2015-10-14,2016-10-18,2016-10-20,2019-06-20,2020-03-11,준공,신미영,031-481-2386,
안산시,준공,재건축,군자주공8단지,경기도 안산시 단원구 선부동 959,17856,1985,9,272,,272,,,,414,272,142,,414,,231,183,,,,,,,0.75,2.55,274,267,조합,2003,2015,2006-09-15,,,2009-04-21,2013-10-25,2003-12-18,2004-05-19,2005-05-02,2009-06-11,2014-07-29,2015-10-05,2016-06-20,2016-06-29,2018-10-28,2019-05-01,준공,김명선,031-481-2909,
안산시,준공,재건축,고잔연립1단지,경기도 안산시 단원구 고잔동 586,44269,1985~1988,50,723,33,582,108,,,1005,730,224,51,954,,557,397,,,51,,51,,1.05,2.5,739,707,조합,2010,2015,2010-08-02,,,2012-06-22,2016-01-05,2012-09-07,2010-11-19,2011-03-25,2013-03-04,2014-11-21,2015-06-23,2016-02-25,2016-02-26,2018-10-30,2019-05-01,준공,신미영,031-481-2386,
안산시,준공,재건축,중앙주공1단지,경기도 안산시 단원구 고잔동 532,50719,1983,25,500,,,500,,,1152,506,646,,1152,,545,573,34,,,,,,0.86,2.67,510,503,조합,2002,2017,2006-09-15,,,2008-01-28,2014-12-24,2003-12-31,,2003-12-17,2011-12-05,2013-09-16,2014-10-08,2015-11-27,2015-12-02,2018-11-14,2019-02-13,준공,추재철,031-481-2388,
안산시,준공,재건축,중앙주공2단지,경기도 안산시 단원구 고잔동 538,56702,1984,22,450,,,450,,,990,450,540,,990,,,658,332,,,,,,0.63,2.59,457,457,조합,2003,2017,2006-09-15,,,2008-03-03,2013-05-21,2003-12-18,2004-04-29,2005-05-02,2009-07-24,2013-07-24,2014-09-24,2015-07-31,2015-08-04,2018-04-27,,준공,류동구,031-481-2398,
안산시,준공,재건축,군자주공5단지,경기도 안산시 단원구 초지동 603-1,22924,1983,11,400,200,200,,,,469,394,75,,469,,62,403,4,,,,,,0.88,2.4,386,386,조합,2003,2015,2006-09-15,,,2009-09-28,2011-08-22,2003-12-15,2004-05-11,2005-05-02,2010-05-27,2011-08-23,2012-06-07,2015-10-28,2015-10-30,2018-05-30,2018-12-19,준공,류동구,031-481-2398,
안산시,준공,재건축,동명아파트,경기도 안산시 단원구 선부동 1082,30380,1989,19,600,,600,,,,766,766,,,766,,382,384,,,,,,,1.25,2.49,829,829,조합,2000,2010,,,,2005-09-20,,,,2000-06-13,2002-12-31,2005-10-07,2008-02-04,2008-08-21,,2010-12-28,2011-03-21,준공,추재철,031-481-2388,
안산시,예정구역,재건축,성포예술인,경기도 안산시 성포동 583,71800,1985,17,1485,,3,1482,,,,,,,,,,,,,,,,,2.26,2.5,1485,,,,,2006-09-15,2012-09-15,,,,,2017-11-27,,,,,,,,,안전진단 미통과,김병식,031-481-2405,
안산시,예정구역,재건축,주공10단지,경기도 안산시 성포동 584,73400,1987,15,1380,,1380,,,,,,,,,,,,,,,,,,1.72,2.6,1380,,,,,2013-04-25,2015-04-25,,,,,,,,,,,,,,안전진단 미통과,김병식,031-481-2405,
안산시,추진위원회,재건축,고잔연립3,경기도 안산시 고잔동 665-1,47418,1989~1992,43,768,,653,115,,,1030,1030,,,1030,,,,,,,,,,1.24,2.4,771,,추진위,,,2013-04-25,2017-04-25,,2020-08-26,,2020-09-29,2017-05-10,2017-08-18,,,,,,,,조합설립인가 준비 중,추재철,031-481-2388,
안산시,예정구역,재건축,고잔연립5,경기도 안산시 고잔동 610,69800,1989~1994,59,1072,18,840,214,,,,,,,,,,,,,,,,,1.22,2.4,1072,,,,,2013-04-25,2019-04-25,,,,,2019-12-13,,,,,,,,,정비예정구역 고시,김병식,031-481-2405,
안산시,예정구역,재건축,고잔연립6,경기도 안산시 고잔동 612,26700,1990~1992,22,410,,265,145,,,,,,,,,,,,,,,,,1.39,2.4,410,,,,,2013-04-25,2019-04-25,,,,,2019-12-13,,,,,,,,,정비예정구역 고시,김병식,031-481-2405,
안산시,추진위원회,재건축,고잔연립7,경기도 안산시 고잔동 613-1,27627,1990,24,413,20,319,74,,,593,593,,,593,,,,,,,,,,1.19,2.4,413,,추진위,,,2013-04-25,2017-04-25,,2020-08-26,,2020-09-29,2017-05-15,2017-08-18,,,,,,,,조합설립인가 준비 중,주상철,031-481-2909,
안성시,추진위원회,재개발,신건지동 1구역,경기도 안성시 신건지동 8,11203,1981~1993,18,214,,214,,,,199,199,,,199,,153,46,,,,,,,2.2,2,175,,추진위,2013,,,,2011-01-11,2012-12-31,,2013-06-26,,,,,,,,,,조합설립인가 준비 중,조재성,031-678-3022,
안양시,착공,재개발,융창아파트 주변,경기도 안양시 동안구 호계2동 929,107768,1978~2004,329,1561,761,447,312,25,16,2417,1288,933,196,2221,,1212,1009,,,196,134,62,,100~200%,2.68,1290,1223,조합,2011,2022,2006-08-07,,2011-05-18,2011-05-18,2019-03-28,2006-08-22,,,2011-11-14,2018-05-29,2019-07-29,2021-05-31,2021-06-24,,,착공,김종곤,031-8045-2374,
안양시,관리처분,주거환경개선,냉천,경기도 안양시 만안구 안양5동 618,119122,1971~2002,440,1771,726,697,229,98,21,2329,750,1391,188,2141,,953,1131,57,,188,91,97,,100~200%,2.7,873,,경기주택도시공사,2006,2024,2006-08-07,,2009-10-09,2009-11-13,2021-05-21,,,,,2019-03-28,2020-02-28,,,,,이주 및 철거 중,윤덕열,031-8045-2747,
안양시,준공,재건축,주공아파트주변(단독주택),경기도 안양시 동안구 호계1동 981,11094,1984,48,48,,5,8,11,24,200,58,142,,200,,116,84,,,,,,,100~200%,2.65,51,42,조합,2011,2018,2006-08-07,,,2011-07-28,2018-09-10,2011-11-23,2008-04-25,2008-11-17,2012-06-12,2014-01-28,2014-10-23,2015-11-06,2015-11-19,2018-03-30,2018-09-14,이전고시,권지영,031-8045-5639,
안양시,준공,재건축,박달1동 연합지구,경기도 안양시 만안구 박달1동 37,18784,1984,63,313,,125,125,63,,392,230,130,32,360,,48,236,76,,32,,32,,1.28,2.62,271,230,조합,2005,2009,,,,2005-12-19,,,1999-10-01,1999-11-01,2003-06-24,2006-04-24,2006-10-27,2007-09-21,2009-11-12,2009-12-02,2010-05-19,이전고시,권지영,031-8045-5639,
안양시,예정구역,재건축,석수럭키아파트,경기도 안양시 만안구 석수동 296,30231,1987,11,735,,,,,,,,,,,,,,,,,,,,2.357,2.7,,,,,,2020-03-09,2022-06-01,,,,,2020-07-07,,,,,,,,,정비예정구역 고시,고병천,031-8045-2399,
안양시,예정구역,재건축,진흥5차아파트,경기도 안양시 만안구 안양동 908-4,18384,1987,7,432,,,,,,,,,,,,,,,,,,,,1.835,2.5,,,,,,2020-03-09,2022-06-01,,,,,2020-07-08,,,,,,,,,정비예정구역 고시,권지영,031-8045-5639,
안양시,예정구역,재건축,벽산아파트,경기도 안양시 만안구 안양동 627-72,12412,1985,5,275,,,,,,,,,,,,,,,,,,,,2.287,270%/800%,,,,,,2020-03-09,2022-06-01,,,,,2020-07-24,,,,,,,,,정비예정구역 고시,이소영,031-8045-5065,
안양시,예정구역,재건축,호계럭키아파트,경기도 안양시 동안구 호계동 570,41517,1992,13,794,,,,,,,,,,,,,,,,,,,,2.109,2.5,,,,,,2020-03-09,2022-06-01,,,,,,,,,,,,,,정비예정구역 고시,고병천,031-8045-2399,
안양시,추진위원회,재건축,현대아파트,경기도 안양시 동안구 관양1동 1396,62557,1985,12,904,,,,456,448,1305,1305,,,1305,,,,,,,,,,1.86,2.7,976,,,2020,,2017-12-07,2020-09-22,2020-09-22,2020-09-22,,2020-11-11,2017-04-04,2018-08-20,,,,,,,,조합설립추진위원회 승인,고병천,031-8045-2399,
안양시,사업시행,재개발,상록,경기도 안양시 만안구 안양8동 398-32,69950,평균 1986,350,1103,549,270,221,42,21,1713,1426,,287,1426,,,1426,,,287,287,,,100~200%,2.5,739,716,조합,2008,2023,2006-08-07,,2008-08-01,2008-12-08,2018-12-28,2006-08-16,,,2009-05-19,2021-06-28,,,,,,사업시행인가,이수영,031-8045-5642,
안양시,조합설립,재건축,박달신한아파트,경기도 안양시 만안구 박달2동 111-1,19457,1986,11,370,,,370,,,507,370,137,,507,,311,196,,,,,,,1.48,2.7,377,328,조합,2015,2023,2010-05-27,2012-12-31,2014-10-17,2015-04-01,2020-05-15,2016-03-24,2013-01-18,2013-05-28,2019-04-26,,,,,,,사업시행계획인가 준비 중,이수진,031-8045-5639,
안양시,조합설립,재건축,미륭아파트,경기도 안양시 동안구 비산2동 406,28377,1979,8,576,,,72,504,,702,584,97,21,681,,503,178,,,21,,21,,2.55,3,587,584,조합,2012,2025,2006-08-07,,2012-01-30,2012-07-10,2020-02-12,2003-10-08,2000-12-12,2001-02-21,2016-10-12,,,,,,,사업시행계획인가 중,이수진,031-8045-5639,
안양시,사업시행,재개발,안양역세권,경기도 안양시 만안구 안양2동 841-5,27385,1943~2014,87,449,89,268,69,19,4,853,411,408,34,819,14,595,210,,,34,34,,,100~200%,4.35,449,413,조합,2015,2025,2014-10-21,,2015-06-05,2015-08-07,2017-11-22,2016-01-08,,,2016-12-27,2020-02-04,,,,,,관리처분계획인가 준비 중,김우공,031-8045-5282,
안양시,관리처분,재개발,호계온천 주변,경기도 안양시 동안구 호계2동 915,41856,평균 1990,92,538,259,140,108,23,8,1011,457,408,146,865,18,416,431,,,146,146,,,100~200%,2.98,512,438,조합,2013,2024,2006-08-07,,2012-10-24,2013-02-28,2017-08-18,2006-08-16,,,2014-10-30,2019-03-25,2020-03-04,,,,,이주 및 철거 중,김우공,031-8045-5282,
안양시,착공,재개발,비산1동주민센터 주변,경기도 안양시 동안구 비산1동 554,5135,1983/1989,19,137,,136,,,1,230,119,111,,230,,92,138,,,,,,,100~200%,4.5,139,134,조합,2015,2023,2014-10-21,,2015-06-05,2015-10-08,,2015-12-15,,,2016-06-21,2019-01-31,2020-05-23,2020-08-25,2020-09-11,,,착공,김민중,031-8045-2382,
안양시,관리처분,재건축,뉴타운맨션 삼호아파트,경기도 안양시 동안구 비산3동 354-10,118751,1981/1985,18,2052,,,731,997,324,2618,1999,524,95,2523,,729,1456,338,,95,,95,,170~190%,3,2007,2002,조합,2012,2024,2006-08-07,,2011-12-07,2012-06-11,2019-11-18,2012-11-22,2010-04-09,2011-01-27,2016-05-04,2020-01-14,2021-02-09,,,,,이주 준비,이수진,031-8045-5639,
안양시,사업시행,재건축,향림아파트,경기도 안양시 만안구 안양동43-1,8497,1981,6,,,250,,,1,271,198,73,,271,19,252,,,,,,,,1.35,2.7,213,198,조합,2020,2026,2019-09-07,,,,,2011-05-09,,2003-02-19,2013-03-25,2020-08-13,,,,,,분양신청 준비단계,권지영,031-8045-5639,
안양시,착공,재개발,비산초교 주변,경기도 안양시 동안구 비산3동 281-1,114550,1976~2007,292,1950,925,545,375,63,42,2739,1694,706,339,2400,,1457,931,12,,339,206,133,,100~200%,2.86,2045,1666,조합,2015,2023,2010-05-27,2012-02-01,2014-09-05,2015-01-30,2020-01-18,2015-09-14,,,2016-05-24,2019-02-28,2020-01-15,2021-05-28,,,,착공,김민중,031-8045-2382,
안양시,착공,재개발,덕현,경기도 안양시 동안구 호계1동 992,116666,1975~2007,354,2559,1280,718,447,89,25,2886,1221,1339,326,2560,31,1240,1199,90,,326,311,15,,100~200%,2.9,1499,1221,조합,2010,2023,2006-08-07,,2010-07-23,2010-07-23,2018-10-29,2007-12-10,,,2012-02-21,2015-07-23,2017-02-27,2020-10-22,,,,착공,이수영,031-8045-5642,
안양시,관리처분,재건축,진흥아파트,경기도 안양시 만안구 안양1동 97-3,109172,1983/1985,50,1998,49,430,1519,,,2723,1985,738,,2723,,1541,1146,36,,,,,,1.7,2.7,2052,2004,조합,2009,2023,2006-08-07,,2009-04-16,2009-08-06,2017-12-11,2007-02-28,2009-10-12,2010-02-04,2011-07-01,2016-09-08,2019-06-18,,,,,이주 중,권지영,031-8045-5639,
안양시,관리처분,재건축,삼신6차아파트,경기도 안양시 동안구 호계3동 651-1,14831,1984,18,332,72,248,12,,,456,246,191,19,437,,375,62,,,19,,19,,1.32,3,346,246,조합,2008,2024,2006-08-07,,,2008-01-28,2014-02-27,,2003-04-11,2003-05-30,2003-06-26,2009-04-27,2010-11-29,,,,,이주완료,이소영,031-8045-5065,
안양시,착공,재개발,삼영아파트 주변,경기도 안양시 만안구 안양2동 34-1,25158,평균 1984,102,519,260,156,103,,,558,263,250,45,513,10,276,227,,,45,45,,,100~200%,2.48,268,234,조합,2009,2022,2006-08-07,,2009-03-24,2009-12-02,2017-08-18,2006-08-18,,,2010-05-24,2016-12-07,2018-03-05,2019-10-08,2019-10-10,,,착공,김우공,031-8045-5282,
안양시,착공,재개발,예술공원입구 주변,경기도 안양시 만안구 안양2동 18-1,48205,평균 1986,175,405,203,122,80,,,1021,388,571,62,959,28,514,417,,,62,62,,,100~200%,2.51,405,374,조합,2010,2022,2006-08-07,,,2010-01-13,2016-03-28,2006-08-16,,,2011-07-12,2015-05-27,2016-11-25,2019-11-27,2019-12-03,,,착공,김인수,031-8045-2366,
안양시,착공,재개발,구사거리,경기도 안양시 동안구 호계3동 661-1,41951,평균 1985,116,620,310,186,124,,,855,372,414,69,786,40,245,501,,,69,40,29,,100~200%,2.63,585,353,조합,2009,2021,2006-08-07,,2009-03-11,2009-08-28,2016-08-18,2006-11-08,,,2010-10-12,2016-06-21,2017-03-30,2018-11-28,2018-12-03,,,착공,김인수,031-8045-2366,
안양시,착공,재개발,임곡3,경기도 안양시 동안구 비산1동 515-2,133418,1964~2006,427,2229,1115,635,446,24,9,2637,1438,1067,132,2505,325,1173,953,54,,132,132,,,100~200%,2.48,1463,1251,조합,2009,2021,2006-08-07,,,2009-12-30,2017-11-02,2007-06-19,,,2011-07-25,2015-09-22,2016-11-24,2018-12-17,2018-12-20,,,착공,김종곤,031-8045-2374,
안양시,준공,재개발,호원초등학교 주변,경기도 안양시 동안구 호계1동 956,184607,평균 1985,721,2585,1236,721,507,101,20,3850,1694,1963,193,3657,463,2026,1168,,,193,193,,,100~200%,2.65,1838,1500,조합,2010,2021,2006-08-07,,,2010-09-01,2015-11-16,2007-02-27,,,2012-05-29,2015-06-02,2016-04-22,2018-05-01,2018-05-24,2021-04-07,2021-04-28,"1,2획지 준공 및 3획지 착공 준비",김종곤,031-8045-2374,
안양시,준공,재개발,소곡지구,경기도 안양시 만안구 안양6동 585-2,66682,1971~2004,215,1068,534,294,214,26,,1394,484,796,114,1280,124,616,501,39,,114,114,,,100~200%,2.42,645,478,조합,2008,2021,2006-08-07,,2008-12-12,2008-12-12,,2006-08-16,,,2009-07-27,2010-12-06,2015-11-04,2018-05-29,2018-07-05,2021-02-25,,(부분)준공인가 상태로 기반시설 준공절차 진행중,이수영,031-8045-5642,
안양시,착공,재건축,진흥로얄아파트,경기도 안양시 동안구 비산2동 577-1,10431,1986,5,239,30,149,60,,,304,236,68,,304,,304,,,,,,,,150~199%,2.67,239,236,코리아신탁,2015,2021,2010-05-27,2012-12-31,2015-09-11,2015-12-03,2019-05-30,,2012-06-22,2013-04-19,2016-09-13,2017-11-06,2018-07-13,2019-05-31,2019-06-25,,,착공,이수진,031-8045-5639,
안양시,착공,재건축,비산2동주민자치센터주변,경기도 안양시 만안구 비산2동 419-30,52223,1980/1983,242,864,,510,212,66,76,1199,535,664,,1199,,484,567,148,,,,,,100~200%,3.07,811,541,조합,2008,2021,2006-08-07,,,2008-11-21,2019-01-25,2007-02-28,,2008-12-24,2009-09-29,2014-10-31,2017-03-13,2019-01-25,2019-02-19,,,착공,고병천,031-8045-2402,
안양시,준공,재개발,덕천,경기도 안양시 만안구 안양7동 148-1,257590,1975~2003,870,4910,2455,1470,922,63,,4250,3179,342,729,3521,,1308,1634,384,195,729,633,96,,100~200%,2.45,3669,3179,LH,2006,2016,2006-08-07,,,2006-09-07,2016-09-13,,,,,2008-12-31,2011-11-25,2014-04-02,2015-09-21,2016-10-26,2017-07-31,조합 청산절차 진행 중,윤덕열,031-8045-2747,
안양시,준공,재건축,청원아파트주변,경기도 안양시 만안구 안양2동 80-4,17749,1978,45,247,,141,104,2,,419,209,189,21,398,,240,156,2,,21,,21,,1.03,2.96,247,209,조합,2007,2019,2006-08-07,,,2007-09-27,2020-09-17,,,1997-11-30,1997-12-10,2009-03-31,2015-06-09,2016-08-26,2016-08-30,2019-01-25,2020-12-02,이전고시,이수진,031-8045-5639,
안양시,준공,재건축,호계주공아파트주변,경기도 안양시 동안구 호계1동 977,53382,1984,32,900,260,640,,,,1174,797,341,36,1138,,417,688,33,,36,,36,,0.92,2.74,900,789,조합,2009,2019,2006-08-07,,,2009-08-18,2019-05-22,2007-01-05,2008-04-25,2008-11-17,2010-12-13,2014-11-07,2015-10-26,2016-07-08,2016-07-13,2019-03-28,2019-09-10,이전고시,고병천,031-8045-2399,
안양시,준공,재건축,석수한신아파트주변지구,경기도 안양시 만안구 석수동 417-3,47177,1984,55,577,,210,325,42,,742,491,185,66,676,,193,135,348,,66,,66,,0.86,2.28,577,526,조합,2006,2010,2006-08-07,,,2006-08-22,2010-09-28,,2003-05-20,2003-06-26,2003-06-30,2007-04-10,2007-12-31,2008-08-13,2010-05-13,2010-09-29,2011-07-22,이전고시,권지영,031-8045-5639,
안양시,준공,재건축,백조아파트지구,경기도 안양시 만안구 석수동 374-5,28130,1980,21,472,,236,236,,,542,466,19,57,485,,129,356,,,57,,57,,0.98,2.29,479,469,조합,2005,2009,,,,2005-09-05,2009-01-15,,,2002-02-27,2002-12-23,2005-10-27,2006-08-23,2007-04-18,2009-02-25,2009-06-29,2009-09-29,이전고시,권지영,031-8045-5639,
안양시,준공,재건축,석수주공2단지지구,경기도 안양시 만안구 석수3동 788,58936,1985,31,848,,424,424,,,1134,841,204,89,1045,,219,621,205,,89,,89,,0.81,2.85,863,757,조합,2005,2009,,,,2005-08-29,2009-09-09,,2001-09-27,2001-12-19,2002-12-06,2005-12-13,2006-09-04,2007-02-08,2009-11-05,2009-09-30,2010-02-23,이전고시,권지영,031-8045-5639,
안양시,준공,재건축,석수주공3단지지구,경기도 안양시 만안구 석수3동 787,28372,1985,11,425,,265,125,35,,553,440,67,46,507,,56,107,344,,46,,46,,0.88,2.49,446,446,조합,2005,2010,,,,2005-08-29,2010-02-04,,2001-11-29,2002-01-26,2002-06-25,2005-12-22,2006-10-27,2007-07-26,2010-02-25,2010-02-12,2010-04-30,이전고시,권지영,031-8045-5639,
안양시,준공,재건축,동삼아파트지구,경기도 안양시 만안구 석수2동 485-8,11850,1984,9,224,,,224,,,281,144,127,10,271,,30,241,,,10,,10,,1.33,2.53,230,144,조합,2005,2011,,,,2005-05-02,2011-10-24,2003-12-09,2003-06-26,2003-10-02,2005-05-03,2005-10-25,2007-11-12,2009-03-24,2011-08-22,2011-10-27,2012-01-03,이전고시,권지영,031-8045-5639,
안양시,예정구역,재건축,프라자아파트,경기도 안양시 만안구 안양동 762-2,27125,1987,17,658,,,,,,,,,,,,,,,,,,,,2.109,260%/270%,,,,,,2020-03-09,2022-06-01,,,,,2020-07-22,,,,,,,,,정비예정구역 고시,이수진,031-8045-5639,
안양시,관리처분,재개발,화창,경기도 안양시 만안구 석수2동 348,22846,평균 1985,83,359,180,108,51,11,9,483,443,,40,443,,339,104,,,40,40,,,100~200%,2.37,225,222,조합,2009,2022,2006-08-07,,2009-06-29,2009-12-29,2017-12-18,2006-08-16,,,2010-11-25,2019-03-29,2020-12-28,,,,,이주 및 철거 중,김인수,031-8045-2366,
양주시,예정구역,재개발,신산1,경기도 양주시 남면 신산리 285-75,32400,1983~1993,100,100,,,34,66,,,,,,,,,,,,,,,,2.5,220~250%,150,,,,,2011-05-20,2016-12-31,,,,,,,,,,,,,,정비예정구역 고시,송용재,031-8082-6561,
양주시,예정구역,재개발,덕계1,경기도 양주시 덕계동 614-29,35900,1983~1993,80,80,,,33,47,,,,,,,,,,,,,,,,2,200~230%,150,,,,,2011-05-20,2016-12-31,,,,,,,,,,,,,,정비예정구역 고시,송용재,031-8082-6561,
양주시,예정구역,도시환경,신산2,경기도 양주시 남면 신산리 285-129,28300,1983~1993,99,99,,,66,33,,,,,,,,,,,,,,,,2,900~1100%,150,,,,,2011-05-20,2016-12-31,,,,,,,,,,,,,,정비예정구역 고시,송용재,031-8082-6561,
양주시,예정구역,재개발,덕계5,경기도 양주시 덕계동 411-96,23700,1983~1993,105,105,,,30,75,,,,,,,,,,,,,,,,2,200~230%,150,,,,,2011-05-20,2020-12-31,,,,,,,,,,,,,,정비예정구역 고시,송용재,031-8082-6561,
양주시,예정구역,재개발,덕계4,경기도 양주시 덕계동 452-1,14700,1983~1993,61,61,,,12,49,,,,,,,,,,,,,,,,2.5,220~250%,150,,,,,2011-05-20,2016-12-31,,,,,,,,,,,,,,정비예정구역 고시,송용재,031-8082-6561,
양주시,예정구역,재개발,덕계2,경기도 양주시 덕계동 634,39200,1983~1993,88,88,,,60,28,,,,,,,,,,,,,,,,200~250%,203~233%,150,,,,,2011-05-20,2016-12-31,,,,,,,,,,,,,,정비예정구역 고시,송용재,031-8082-6561,
오산시,준공,주거환경관리,오매장터,경기도 오산시 오산동 354-4,56782,1945~2015,187,433,433,,,,,,,,,,,,,,,,,,,180%/800%,,391,,市,2013,2020,,,2015-04-29,2016-01-08,,,,,,,,2017-11-30,,2020-12-31,,사업완료,김찬중,031-8036-7773,
오산시,사업시행,도시환경,오산경일신안,경기도 오산시 원동 785-1,5330,1978,11,110,,110,,,,515,110,405,,515,272,24,219,,,,,,,6,6.45,109,,토지등소유자,2016,2021,,,,2017-08-16,,,,,,2018-09-12,,,,,,사업시행인가,류상범,031-8036-7774,
용인시,예정구역,주거환경개선,김량장1,경기도 용인시 처인구 김량장동 226-6,46700,,,,,,,,,,,,,,,,,,,,,,,2.3,,,,,,,2021-03-15,2024-12-31,,,,,,,,,,,,,,정비예정구역 고시,박상준,031-324-2408,
용인시,예정구역,재건축,처인5,경기도 용인시 처인구 유방동 1007-50,9999,1995,3,,,,,,,,,,,,,,,,,,,,,2.86,2.9,,,,,,2021-03-15,2025-12-31,,,,,,,,,,,,,,정비예정구역 고시,윤대혁,031-324-2407,
용인시,예정구역,재건축,기흥2,경기도 용인시 기흥구 구갈동 385-1,20445,1993,7,,,,,,,,,,,,,,,,,,,,,2.5,2.9,,,,,,2021-03-15,2013-10-31,,,,,,,,,,,,,,정비예정구역 고시,윤대혁,031-324-2408,
용인시,예정구역,재건축,기흥5,경기도 용인시 기흥구 구갈동 384-1,13638,1992,3,,,,,,,,,,,,,,,,,,,,,2.5,2.9,,,,,,2021-03-15,2022-12-31,,,,,,,,,,,,,,정비예정구역 고시,윤대혁,031-324-2408,
용인시,예정구역,재건축,기흥8,경기도 용인시 기흥구 신갈동 14-4,7138,1995,2,,,,,,,,,,,,,,,,,,,,,2.5,2.5,,,,,,2021-03-15,2025-12-31,,,,,,,,,,,,,,정비예정구역 고시,윤대혁,031-324-2407,
용인시,예정구역,재건축,수지3,경기도 용인시 수지구 풍덕천동 692-1,16739,1995,5,,,,,,,,,,,,,,,,,,,,,2.5,2.9,,,,,,2021-03-15,2015-12-31,,,,,,,,,,,,,,정비예정구역 고시,윤대혁,031-324-2408,
용인시,예정구역,재건축,수지6,경기도 용인시 수지구 풍덕천동 664,59946,1994,10,,,,,,,,,,,,,,,,,,,,,2.5,2.9,,,,,,2021-03-15,2024-12-31,,,,,,,,,,,,,,정비예정구역 고시,윤대혁,032-625-3744,
용인시,예정구역,재건축,수지10,경기도 용인시 수지구 풍덕천동 703,29513,1995,5,,,,,,,,,,,,,,,,,,,,,2.5,2.9,,,,,,2021-03-15,2025-12-31,,,,,,,,,,,,,,정비예정구역 고시,윤대혁,031-324-2408,
용인시,사업시행,주거환경개선,마평1,경기도 용인시 처인구 마평동 732,40512,1970~,96,352,352,,,,,,,,,,,,,,,,,,,2.3,2.3,223,,市,2015,,2011-01-24,2020-12-31,2015-08-12,2016-02-23,,,,,,2017-12-27,,,,,,공사 중,박상준,031-324-2408,
용인시,준공,재건축,신갈주공아파트(기흥2구역),경기도 용인시 기흥구 신갈동 733,31607,1990,14,560,560,,,,,612,515,97,,612,,52,463,97,,,,,,0.87,2.49,572,550,조합,2003,2013,2007-01-22,,,2007-12-03,,2003-12-15,,2005-09-07,2008-07-03,2009-06-22,2010-02-05,2011-05-03,2013-05-14,2013-09-03,2014-03-03,준공,박상준,031-324-2408,
용인시,예정구역,재개발,삼가1,경기도 용인시 처인구 삼가동 110,16000,1986,34,145,145,,,,,,,,,,,,,,,,,,,2.4,230~250%,145,,,,,2007-01-22,2015-12-31,,,,,,,,,,,,,,정비예정구역 고시,박상준,031-324-2408,
용인시,예정구역,재개발,삼가2,경기도 용인시 처인구 삼가동 216,16000,1986,32,53,53,,,,,,,,,,,,,,,,,,,2.4,230~250%,53,,,,,2007-01-22,2015-12-31,,,,,,,,,,,,,,정비예정구역 고시,박상준,031-324-2408,
용인시,예정구역,재개발,용인3(역북1),경기도 용인시 처인구 역북동 454,40489,1986,119,562,562,,,,,,,,,,,,,,,,,,,2.4,180~250%,562,,,,,2011-01-24,2015-12-31,,,,,,,,,,,,,,정비예정구역 고시,박상준,031-324-2408,
용인시,예정구역,주거환경개선,마평2,경기도 용인시 처인구 마평동 612-4,25400,,,,,,,,,,,,,,,,,,,,,,,2.3,,,,,,,2021-03-15,2025-12-31,,,,,,,,,,,,,,정비예정구역 고시,박상준,031-324-2408,
용인시,예정구역,주거환경개선,고림2,경기도 용인시 처인구 고림동 794-29,40900,,,,,,,,,,,,,,,,,,,,,,,2.3,,,,,,,2021-03-15,2025-12-31,,,,,,,,,,,,,,정비예정구역 고시,박상준,031-324-2408,
용인시,예정구역,주거환경개선,마북1,경기도 용인시 기흥구 마북동 295-7,20100,,,,,,,,,,,,,,,,,,,,,,,2.4,,,,,,,2021-03-15,2025-12-31,,,,,,,,,,,,,,정비예정구역 고시,박상준,031-324-2408,
용인시,예정구역,재건축,처인1,경기도 용인시 처인구 김량장동 201-3,10230,1985,4,,,,,,,,,,,,,,,,,,,,,0.58,2,,,,,,2021-03-15,2015-10-31,,,,,,,,,,,,,,정비예정구역 고시,윤대혁,031-324-2407,
용인시,예정구역,재건축,처인2,경기도 용인시 처인구 마평동 605-1,8403,1993,2,,,,,,,,,,,,,,,,,,,,,2.5,2.5,,,,,,2021-03-15,2023-12-31,,,,,,,,,,,,,,정비예정구역 고시,윤대혁,031-324-2407,
용인시,예정구역,재건축,처인3,경기도 용인시 이동읍 천리 118-1,6718,1993,1,,,,,,,,,,,,,,,,,,,,,2.5,2.5,,,,,,2021-03-15,2023-12-31,,,,,,,,,,,,,,정비예정구역 고시,윤대혁,031-324-2407,
용인시,예정구역,재건축,처인4,경기도 용인시 처인구 유방동 1007-1,9928,1994,4,,,,,,,,,,,,,,,,,,,,,2.71,2.9,,,,,,2021-03-15,2024-12-31,,,,,,,,,,,,,,정비예정구역 고시,윤대혁,031-324-2407,
용인시,예정구역,재건축,처인6,경기도 용인시 처인구 김량장동 4-2,21551,1995,7,,,,,,,,,,,,,,,,,,,,,2.9,2.9,,,,,,2021-03-15,2025-12-31,,,,,,,,,,,,,,정비예정구역 고시,윤대혁,031-324-2407,
용인시,예정구역,재건축,기흥1,경기도 용인시 기흥구 구갈동 380,29694,1992,12,,,,,,,,,,,,,,,,,,,,,2.9,2.9,,,,,,2021-03-15,2012-10-31,,,,,,,,,,,,,,정비예정구역 고시,윤대혁,031-324-2407,
용인시,예정구역,재건축,기흥3,경기도 용인시 기흥구 구갈동 385,10412,1994,4,,,,,,,,,,,,,,,,,,,,,2.5,2.9,,,,,,2021-03-15,2024-12-31,,,,,,,,,,,,,,정비예정구역 고시,윤대혁,031-324-2408,
용인시,예정구역,재건축,기흥4,경기도 용인시 기흥구 신갈동 116-2,10169,1992,2,,,,,,,,,,,,,,,,,,,,,2.4,2.9,,,,,,2021-03-15,2022-12-31,,,,,,,,,,,,,,정비예정구역 고시,윤대혁,031-324-2408,
용인시,예정구역,재건축,기흥6,경기도 용인시 기흥구 고매동 385-4,11267,1993,2,,,,,,,,,,,,,,,,,,,,,2.5,2.5,,,,,,2021-03-15,2023-12-31,,,,,,,,,,,,,,정비예정구역 고시,윤대혁,031-324-2408,
용인시,예정구역,재건축,기흥7,경기도 용인시 기흥구 구갈동 390,31608,1993,10,,,,,,,,,,,,,,,,,,,,,2.5,2.9,,,,,,2021-03-15,2023-12-31,,,,,,,,,,,,,,정비예정구역 고시,윤대혁,032-625-3744,
용인시,예정구역,재건축,수지1,경기도 용인시 수지구 풍덕천동 663-1,13249,1994,9,,,,,,,,,,,,,,,,,,,,,2.5,2.9,,,,,,2021-03-15,2014-12-31,,,,,,,,,,,,,,정비예정구역 고시,윤대혁,031-324-2408,
용인시,예정구역,재건축,수지2,경기도 용인시 수지구 풍덕천동 698-2,27259,1995,10,,,,,,,,,,,,,,,,,,,,,2.5,2.9,,,,,,2021-03-15,2015-12-31,,,,,,,,,,,,,,정비예정구역 고시,윤대혁,031-324-2408,
용인시,예정구역,재건축,수지4,경기도 용인시 수지구 풍덕천동 690,23170,1994,5,,,,,,,,,,,,,,,,,,,,,2.5,2.9,,,,,,2021-03-15,2024-12-31,,,,,,,,,,,,,,정비예정구역 고시,윤대혁,031-324-2408,
용인시,예정구역,재건축,수지5,경기도 용인시 수지구 풍덕천동 693,37163,1994,6,,,,,,,,,,,,,,,,,,,,,2.5,2.9,,,,,,2021-03-15,2024-12-31,,,,,,,,,,,,,,정비예정구역 고시,윤대혁,031-324-2408,
용인시,예정구역,재건축,수지7,경기도 용인시 수지구 풍덕천동 700-1,51618,1994,12,,,,,,,,,,,,,,,,,,,,,2.5,2.9,,,,,,2021-03-15,2024-12-31,,,,,,,,,,,,,,정비예정구역 고시,윤대혁,031-324-2407,
용인시,예정구역,재건축,수지8,경기도 용인시 수지구 풍덕천동 692,22571,1994,5,,,,,,,,,,,,,,,,,,,,,2.5,2.9,,,,,,2021-03-15,2024-12-31,,,,,,,,,,,,,,정비예정구역 고시,윤대혁,031-324-2408,
용인시,예정구역,재건축,수지9,경기도 용인시 수지구 풍덕천동 694,12112,1995,3,,,,,,,,,,,,,,,,,,,,,2.5,2.9,,,,,,2021-03-15,2025-12-31,,,,,,,,,,,,,,정비예정구역 고시,윤대혁,031-324-2408,
용인시,예정구역,재건축,수지11,경기도 용인시 수지구 풍덕천동 699,18330,1995,5,,,,,,,,,,,,,,,,,,,,,2.5,2.9,,,,,,2021-03-15,2025-12-31,,,,,,,,,,,,,,정비예정구역 고시,윤대혁,031-324-2408,
용인시,예정구역,재건축,수지12,경기도 용인시 수지구 풍덕천동 691,21978,1995,6,,,,,,,,,,,,,,,,,,,,,2.5,2.9,,,,,,2021-03-15,2025-12-31,,,,,,,,,,,,,,정비예정구역 고시,윤대혁,031-324-2408,
용인시,정비구역,주거환경개선,풍덕천1,경기도 용인시 수지구 풍덕천동 678-1,83251,,215,215,215,,,,,,,,,,,,,,,,,,,2.3,,,,市,2017,,2016-12-28,,2018-12-04,2018-12-04,,,,,,,,,,,,실시설계 중,박상준,031-324-2408,
용인시,조합설립,재개발,모현1,경기도 용인시 처인구 모현읍 왕산리 789,22784,1986,61,242,242,,,,,740,173,530,37,703,,,,,,37,,,,3,4,169,169,조합,2007,,2007-01-22,2015-12-31,2009-05-04,2010-07-02,,2007-05-18,,,2012-02-13,,,,,,,사업시행인가 준비 중,홍순오,031-324-2407,
용인시,사업시행,재개발,용인7,경기도 용인시 처인구 김량장동 159,22646,1986,79,143,143,,,,,323,268,,55,268,,28,240,,,55,29,26,,2,2.08,110,110,조합,2007,,2007-01-22,,,2008-09-12,2011-04-22,2007-03-02,,,2009-03-12,2011-04-26,,,,,,관리처분계획인가 준비 중,홍순오,031-324-2407,
용인시,사업시행,주거환경개선,이동2,경기도 용인시 처인구 이동읍 천리 748-2,38263,,74,105,105,,,,,,,,,,,,,,,,,,,2.3,,,,市,2017,,2016-12-28,,2018-12-04,2018-12-04,,,,,,2020-02-17,,,,,,분할측량 중,홍순오,031-324-2407,
용인시,사업시행,주거환경개선,신갈2,경기도 용인시 기흥구 신갈동 33-4,108443,,387,318,318,,,,,,,,,,,,,,,,,,,2.3,,,,市,2017,,2016-12-28,,2018-10-11,2018-10-11,,,,,,2019-12-03,,,,,,보상절차 진행 중,박상준,031-324-2408,
용인시,사업시행,주거환경개선,상갈1,경기도 용인시 기흥구 상갈동 102-5,79112,,260,218,218,,,,,,,,,,,,,,,,,,,2.3,,,,市,2017,,2016-12-28,,2018-10-11,2018-10-11,,,,,,2019-12-02,,,,,,보상절차 진행 중,박상준,031-324-2408,
용인시,사업시행,주거환경개선,고림1,경기도 용인시 처인구 고림동 772-20,40793,,80,112,112,,,,,,,,,,,,,,,,,,,2.3,,,,市,2017,,2016-12-28,,2018-12-04,2018-12-04,,,,,,2019-12-02,,,,,,보상절차 진행 중,홍순오,031-324-2407,
용인시,착공,재개발,용인8,경기도 용인시 처인구 김량장동 309-1,49076,1986,123,603,603,,,,,1308,158,1082,68,1240,,908,332,,,68,34,34,,3,3.28,248,166,조합,2007,,2007-01-22,,,2009-05-29,2012-11-30,2007-04-05,,,2009-09-09,2011-07-07,2019-05-03,2021-02-23,2021-03-25,,,착공 공사 중,박상준,031-324-2408,
용인시,준공,재건축,용인2,경기도 용인시 처인구 역북동 795,19826,1984,6,209,209,,,,,452,207,245,,452,,282,170,,,,,,,0.41,2.48,211,207,조합,2009,2018,2007-01-22,,,2011-01-12,2013-12-23,2009-08-19,,2009-12-23,2011-05-18,2015-10-22,2016-01-28,2016-08-25,2016-09-25,2019-02-01,2019-04-15,준공,박상준,031-324-2408,
용인시,준공,재건축,김량주공아파트(용인1구역),경기도 용인시 처인구 김량장동 526,21449,1982,8,450,450,,,,,484,440,44,,484,,270,178,36,,,,,,0.9,2.2,455,448,조합,2005,2009,2007-01-22,,,2006-01-16,2006-05-06,,,2002-11-27,2005-06-30,2006-07-11,2006-10-23,2007-06-26,2008-02-01,2009-11-24,2010-05-14,준공,박상준,031-324-2408,
용인시,준공,주거환경개선,용인9,경기도 용인시 처인구 마평동 740,31439,1986,116,211,211,,,,,,,,,,,,,,,,,,,2.4,,125,,市,2007,2013,2007-01-22,,,2009-11-28,,,,,,2011-04-27,,2011-07-07,,2013-03-15,,준공,박상준,031-324-2408,
용인시,준공,주거환경개선,용인10,경기도 용인시 처인구 마평동 601,23983,1986,64,242,242,,,,,,,,,,,,,,,,,,,2.4,,110,,市,2007,2013,2007-01-22,,,2009-11-28,,,,,,2011-04-27,,2011-07-07,,2013-03-15,,준공,박상준,031-324-2408,
용인시,준공,주거환경개선,양지1,경기도 용인시 처인구 양지면 양지리 383,28936,1986,48,175,175,,,,,,,,,,,,,,,,,,,2.4,,166,,市,2007,2013,2007-01-22,,,2009-11-28,,,,,,2011-04-27,,2011-07-07,,2013-03-15,,준공,박상준,031-324-2408,
용인시,준공,주거환경개선,포곡1,경기도 용인시 처인구 포곡읍 전대리 150,12861,1986,31,134,134,,,,,,,,,,,,,,,,,,,2.4,,124,,市,2007,2013,2007-01-22,,,2009-11-28,,,,,,2011-04-27,,2011-07-07,,2013-03-15,,준공,박상준,031-324-2408,
의왕시,준공,재건축,대우사원주택,경기도 의왕시 내손동 627,125233,1984,81,1276,,177,716,383,,2422,1273,1149,,2422,,,485,1257,680,,,,,0.78,2.49,1276,1269,조합,2002,2011,2004-12-24,,,2005-04-11,2012-07-13,,,2002-05-15,2002-11-02,2005-05-16,2007-05-04,2008-11-18,2011-05-17,2012-10-29,2013-05-24,준공,유태초,031-345-3497,
의왕시,준공,재건축,청화아파트,경기도 의왕시 포일동 643,14450,1984,4,420,,165,255,,,447,433,,14,433,,161,272,,,14,,14,,2.08,2.69,454,429,조합,2003,2009,2004-12-24,,,2006-01-09,2008-02-15,,2002-10-25,2003-01-08,2003-06-30,2006-06-13,2006-12-28,2007-06-08,,2009-09-30,2010-03-08,준공,유태초,031-345-3497,
의왕시,준공,도시환경,오전마구역,경기도 의왕시 오전동 324-4,14208,1974~2000,13,41,,,36,4,1,536,27,509,,536,,,,528,8,,,,,1.11,7.05,21,17,조합,2010,2019,2009-08-21,2009-12-31,2010-03-10,2010-12-03,2015-08-11,2009-12-28,,,2011-01-21,2012-01-27,2013-11-11,2014-11-20,2014-11-21,2018-11-22,2018-11-29,준공,유태초,031-345-3497,
의왕시,준공,재건축,포일주공아파트,경기도 의왕시 내손동 844,128886,1982,59,2230,1020,1210,,,,2540,2230,310,,2540,,510,1191,603,236,,,,,0.78,2.47,2313,2312,조합,2002,2009,2004-12-24,,,2005-04-11,2006-08-14,,,2002-09-07,2002-11-04,2005-05-16,2006-12-28,2007-05-11,2009-09-16,2009-11-23,2010-07-07,준공,유태초,031-345-3497,
의왕시,착공,재건축,오전가구역,경기도 의왕시 오전동 52,44778,1979~1985,60,654,54,190,360,26,24,941,590,346,5,936,,285,599,52,,5,,5,,1.12,2.97,714,609,조합,2008,2021,2008-04-24,2008-12-31,2009-04-03,2009-11-10,2021-05-20,2008-06-20,,2009-02-11,2010-11-26,2014-02-12,2016-08-09,2018-05-10,2018-06-11,2021-06-30,,준공(부분),유태초,031-345-3497,
의왕시,관리처분,재개발,오전나구역,경기도 의왕시 오전동 32-5,32850,1980~1990,105,233,10,58,84,12,69,733,163,533,37,696,92,306,270,28,,37,37,,,1.08,2.79,244,171,조합,2008,2023,2008-04-24,2009-12-31,2009-08-06,2010-11-11,2018-04-25,2008-11-27,,,2011-04-27,2014-06-18,2018-12-21,,,,,착공 준비 중,박민호,031-345-3498,
의왕시,관리처분,재개발,내손다구역,경기도 의왕시 내손동 683,151480,1984~1993,448,1397,677,372,13,11,324,2633,1580,921,132,2501,30,1355,866,247,3,132,132,,,1.22,2.76,1399,1365,조합,2008,2023,2008-04-24,2008-12-31,2009-08-06,2011-06-15,2017-04-24,2008-07-21,,,2014-07-08,2018-04-11,2019-06-12,,,,,착공 준비 중,임재원,031-345-3494,
의왕시,사업시행,재개발,부곡가구역,경기도 의왕시 삼동 192-244,86065,1970~1985,191,961,276,326,298,38,23,1719,922,712,85,1634,,815,819,,,85,85,,,1.17,2.63,1061,957,조합,2008,2023,2008-04-24,2010-12-31,2011-01-27,2012-05-01,2018-10-11,2008-11-18,,,2014-01-08,2017-04-26,,,,,,관리처분계획 준비 중,임재원,031-345-3494,
의왕시,사업시행,도시환경,고천가구역,경기도 의왕시 고천동 276-8,27025,1950~2007,76,149,50,11,27,16,45,933,933,,,933,,379,508,46,,,,,,1.12,6.04,161,158,조합,2008,2024,2008-04-24,2008-12-31,2009-08-06,2011-12-02,2018-07-16,2008-06-05,,,2012-08-31,2021-03-29,,,,,,관리처분계획 준비 중,박민호,031-345-3498,
의왕시,사업시행,재개발,오전다구역,경기도 의왕시 오전동 350-1,174614,1980~2003,290,1763,709,417,552,40,45,3209,3048,,161,3048,2,1635,1347,63,1,161,161,,,1.06,3,1862,1862,조합,2008,2025,2008-04-24,2010-12-31,2011-05-12,2013-07-16,2019-11-08,2008-11-17,,,2016-12-06,2020-12-17,,,,,,관리처분계획 준비 중,홍성진,031-345-3492,
의왕시,추진위원회,도시환경,오전라구역,경기도 의왕시 오전동 323-3,15995,1977~2006,49,161,19,61,51,12,18,477,477,,,477,,,477,,,,,,,3,6.94,75,,추진위,2012,2025,2009-08-21,2009-12-31,2011-02-24,2012-02-22,,2020-03-09,,,,,,,,,,조합설립인가 준비 중,유태초,031-345-3497,
의왕시,조합설립,재건축,부곡다구역,경기도 의왕시 삼동 146,60917,1977~2004,99,1324,,,,,,1579,1579,,,1579,240,1211,128,,,,,,,1.87,2.72,1312,1123,,,,2008-04-24,2016-12-31,2019-09-23,2019-09-23,,2019-12-30,,2016-02-13,2021-03-31,,,,,,,사업시행인가 준비 준,박민호,031-345-3492,
의왕시,추진위원회,재개발,내손가구역,경기도 의왕시 내손동 700,45836,1984~1993,148,149,10,9,2,123,5,618,512,,106,512,,,512,,,106,,106,,0.63,2.2,159,,추진위,2008,2025,2008-04-24,2008-12-31,2009-08-06,2011-05-04,,2008-07-18,,,,,,,,,,조합설립인가 준비 중,임재원,031-345-3494,
의왕시,준공,재건축,의왕내손주택,경기도 의왕시 내손동 842,32691,1985,27,519,,167,352,,,696,519,123,54,642,,97,280,265,,54,,54,,1.1,2.5,519,519,조합,2003,2009,2004-12-24,,,2005-04-11,2008-11-26,,2002-10-25,2003-01-23,2003-06-12,2005-05-16,2006-06-29,2006-10-30,2009-04-28,2009-03-31,2009-05-26,준공,유태초,031-345-3497,
의왕시,사업시행,재개발,고천나구역,경기도 의왕시 고천동 265,90405,1970~1990,283,737,129,274,201,40,93,1913,1817,,96,1817,,889,851,77,,96,96,,,1.09,3,823,808,조합,2008,2023,2008-04-24,2008-12-31,2009-08-06,2011-12-02,2019-09-27,2008-09-18,,,2012-07-23,2020-12-17,,,,,,관리처분계획 준비 중,홍성진,031-345-3492,
의왕시,관리처분,재개발,내손라구역,경기도 의왕시 내손동 661,93990,1984~1993,250,1360,984,247,16,9,104,2180,1396,606,178,2002,,,1271,731,,178,102,76,,1.11,2.99,1334,1334,조합,2008,2023,2008-04-24,2008-12-31,2009-08-06,2010-11-29,2017-12-22,2008-05-03,,,2011-12-28,2018-02-05,2019-12-06,,,,,착공 준비 중,임재원,031-345-3494,
의정부시,착공,재개발,가능1구역,경기도 의정부시 가능동 581-1,24847,1958~2005,95,245,206,7,5,27,,466,109,331,26,440,50,235,155,,,26,26,,,100~200%,2.3,153,101,조합,2014,2023,2008-03-03,,,2010-08-24,2018-09-04,2008-06-04,,,2011-08-26,2014-04-03,2017-05-29,2020-03-31,2020-04-23,,,착공,허진희,031-828-8844,
의정부시,관리처분,재개발,금오1구역,경기도 의정부시 금오동 65-3,32509,1951~2001,82,432,362,13,9,48,,832,376,414,42,790,85,468,237,,,42,42,,,100~200%,2.75,413,377,조합,2012,2024,2008-03-03,,,2010-08-24,2017-12-14,2008-06-04,,,2011-02-10,2012-12-07,2019-04-19,,2020-09-15,,,이주 및 철거 중,안성훈,031-828-8843,
의정부시,관리처분,재개발,장암1구역,경기도 의정부시 신곡동 571-1,37022,1950~2005,100,209,176,6,4,23,,769,136,591,42,727,,484,215,28,,42,42,,,100~200%,2.5,176,135,조합,2014,2023,2008-03-03,,,2009-12-21,2018-12-24,2008-05-19,,,2010-05-28,2014-01-28,2020-03-13,,,,,이주 및 철거 중,안성훈,031-828-8843,
의정부시,관리처분,재개발,장암3구역,경기도 의정부시 신곡동 435-3,34495,1973~2004,127,460,386,14,9,51,,902,299,519,84,818,,,716,102,,84,47,37,,100~200%,3,242,225,조합,2015,2022,2008-03-03,2008-12-31,2009-06-29,2010-04-12,2016-12-09,2008-06-17,,,2011-10-27,2018-12-27,2021-05-27,,,,,이주 및 철거 준비 중,허진희,031-828-8844,
의정부시,착공,재개발,가능2구역,경기도 의정부시 가능동 224-24,22840,1958~2004,62,175,147,5,4,19,,420,75,321,24,396,45,83,245,23,,24,24,,,100~200%,2.3,99,75,조합,2014,2023,2008-03-03,,,2010-07-16,2012-12-10,2008-06-03,,,2010-11-17,2014-01-24,2017-02-16,2018-12-07,2018-12-13,,,착공,신경연,031-828-8842,
의정부시,착공,재개발,장암4구역,경기도 의정부시 장암동 34-1,47200,1951~2004,72,174,146,5,4,19,,677,121,522,34,643,27,116,447,53,,34,12,22,,100~200%,2.5,168,123,조합,2013,2021,2008-03-03,,,2010-04-12,2015-11-02,2008-06-03,,,2010-09-03,2013-09-11,2016-02-29,2017-06-20,2017-07-13,,,준공인가 준비 중,신경연,031-828-8842,
의정부시,착공,재개발,중앙2구역,경기도 의정부시 의정부동 380,132480,1975~2005,583,1858,1558,56,38,206,,2473,930,1393,150,2323,,1444,813,66,,150,150,,,100~200%,2.57,962,827,조합,2014,2025,2008-03-03,,,2010-07-16,2019-04-12,2008-05-15,,,2011-01-31,2015-03-31,2016-11-04,2019-08-21,2019-08-22,,,착공,신경연,031-828-8842,
의정부시,착공,재개발,중앙3구역,경기도 의정부시 의정부동 394-11,36193,1993~2003,84,759,637,23,15,84,,926,586,222,118,808,,364,444,,,118,44,74,,100~200%,3,631,628,조합,2014,2025,2008-03-03,2008-12-31,2009-11-06,2010-12-01,2015-09-11,2008-07-02,,,2011-07-20,2016-05-17,2018-01-30,2020-09-29,2020-06-30,,,착공,신경연,031-828-8842,
의정부시,조합설립,재개발,장암5구역,경기도 의정부시 신곡동 406,47973,1980~2010,,912,,,,,,1070,1015,,55,1015,,,,,,55,55,,,100~200%,2.5,497,497,조합,2018,2028,,,2017-08-31,2018-10-19,2020-09-16,2019-05-10,,,2020-10-16,,,,,,,사업시행계획인가 준비 중,안성훈,031-828-8843,
의정부시,준공,주거환경개선,안말2(호원3구역),경기도 의정부시 호원동 252,38238,1951~2004,102,108,108,,,,,,,,,,,,,,,,,,,0.8,,87,,市,2006,2012,2008-03-03,,,2009-03-10,,,,,,2012-04-12,,2012-04-24,,2013-11-01,,준공,신경연,031-828-8842,
의정부시,착공,재건축,송산1구역,경기도 의정부시 용현동 241,96152,1989,41,1580,720,860,,,,2571,1566,831,174,2397,,1129,1200,68,,174,,174,,0.85,2.9,1569,1505,조합,2016,2022,2008-03-03,2008-12-31,2011-01-16,2012-04-24,2019-03-26,2012-11-02,,2000-12-20,2014-12-29,2016-11-01,2017-09-25,2018-11-01,2018-11-02,,,착공,안성훈,031-828-8843,
이천시,사업시행,재개발,이천관고동,경기도 이천시 관고동 226,32400,1986,62,284,,209,38,37,,616,585,,31,585,,302,283,,,31,31,,,2,2.38,247,245,조합,2013,2024,,,,2013-05-01,2019-10-18,2013-11-15,,,2018-04-09,2020-12-31,,,,,,사업시행인가,이은영,031-644-7133,
파주시,사업시행,재개발,문산1-5,경기도 파주시 문산읍 문산리 31-1,25297,1990,24,394,394,,,,,668,384,250,34,634,67,349,218,,,34,34,,,2.48,2.99,384,384,조합,2019,2023,2009-10-26,2013-05-31,2013-06-03,2013-06-03,2019-08-06,2009-12-02,,,2017-05-24,2020-06-30,,,,,,관리처분계획인가 준비 중,백승국,031-940-4776,
파주시,착공,재건축,협신연립,경기도 파주시 아동동 275-13,5614,1984,6,96,,96,,,,115,96,19,,115,5,45,65,,,,,,,0.89,1.79,94,63,조합,2011,2025,,,,,,2007-12-24,,2007-08-10,2008-04-16,2011-03-02,2011-12-26,2012-06-14,,,,공사 일시중지중(시공자 부도 및 소송중),안운혁,031-940-4775,
파주시,관리처분,재개발,율목지구,경기도 파주시 금촌동341,54033,1975,187,304,304,,,,,1213,203,949,61,1152,124,462,566,,,61,61,,,1.8,250~300%,282,199,조합,2018,2022,,,2008-09-22,2008-09-22,2018-05-11,2008-12-15,,,2009-10-30,2018-07-24,2020-03-27,,,,,이주 및 철거 준비 중,안운혁,031-940-4775,
파주시,관리처분,재개발,금촌2동제2지구,경기도 파주시 금촌동 337-15,35772,1971,146,319,319,,,,,1055,139,863,53,1002,397,580,25,,,53,53,,,1.8,250~300%,236,139,조합,2018,2022,,,2009-06-12,2009-06-12,2018-05-11,2010-01-18,,,2010-07-26,2018-07-24,2020-04-22,,,,,이주 및 철거 준비 중,백승국,031-940-4776,
파주시,사업시행,재개발,새말지구,경기도 파주시 금촌동390-36,148889,1980,328,950,950,,,,,2583,793,1660,130,2453,,1037,1416,,,130,130,,,1.2,2.48,815,793,조합,2019,2023,,,2008-01-11,2009-02-25,2019-10-11,2009-06-03,,,2009-09-22,2020-06-30,,,,,,관리처분계획인가 준비 중,안운혁,031-940-4775,
파주시,사업시행,재개발,문산3리지구,경기도 파주시 문산읍 문산리81-61,47654,1986,185,285,285,,,,,940,223,669,48,892,,544,348,,,48,48,,,1.8,250~300%,223,223,조합,2019,2023,,,2006-02-20,2008-07-24,2017-05-02,2008-09-12,,,2008-12-08,2020-09-08,,,,,,관리처분계획인가 준비 중,백승국,031-940-4776,
파주시,조합설립,재개발,파주1-3,경기도 파주시 파주읍 연풍리 313-3,190146,1990,501,565,565,,,,,2593,441,2022,130,2463,,1253,1210,,,130,130,,,2,2.3,441,441,조합,2019,2023,2009-10-26,2013-05-31,2015-08-07,2015-08-07,,2016-08-24,,,2017-12-28,,,,,,,사업시행인가 준비 중,안운혁,031-940-4775,
파주시,준공,재건축,초원연립,"경기도 파주시 문산읍 당동리 산38-1, 산38-8",2274,1986,6,37,,36,1,,,66,37,29,,66,16,50,,,,,,,,0.95,1.8,37,37,조합,2016,2019,,,,,,2014-11-20,,2014-08-21,2015-02-03,2015-12-15,2016-04-26,2016-05-12,,2019-08-30,2019-09-26,공사 준공 후 청산 및 조합의 해산절차 진행중,백승국,031-940-4776,
평택시,예정구역,주거환경개선,팽성-01,경기도 평택시 팽성읍 송화리 50-15,50582,1972~2017,139,,,,,,,,,,,,,,,,,,,,,,,,,,,,2021-06-04,2027-12-31,,,,,,,,,,,,,,,,,
평택시,준공,주거환경개선,세교지구,경기도 평택시 평택시 세교동 123번지일원,17261,1960~1980,68,85,85,,,,,,,,,,,,,,,,,,,1.8,,78,,市,2006,2016,,,,2005-12-19,2015-12-07,,,,,2008-06-25,,2010-08-09,,2016-06-17,,준공,정예주,031-8024-4172,
평택시,조합설립,재건축,합정주공,경기도 평택시 합정동 835 일원,75646,1989~1990,33,1374,784,590,,,,1918,1241,677,,1918,,665,1177,68,8,,,,,1.02,2.99,1295,1241,조합,2015,2025,,,2017-08-21,2017-08-21,,2017-10-24,,2016-08-17,2018-03-21,,,,,,,사업시행인가 준비 중,정예주,031-8024-4172,
평택시,예정구역,재건축,합정1,경기도 평택시 합정동 829,59695,1992,23,1164,,1164,,,,,,,,,,,,,,,,,,,200%/300%,,,,,,2021-06-04,2027-12-31,,,,,,,,,,,,,,,,,
평택시,예정구역,재건축,서정3,경기도 평택시 서정동 909-1,22270,1988,10,380,7,373,,,,,,,,,,,,,,,,,,,200%/300%,,,,,,2021-06-04,2027-12-31,,,,,,,,,,,,,,,,,
평택시,예정구역,재건축,서정1,경기도 평택시 서정동 793,27152,1989,11,520,,,520,,,,,,,,,,,,,,,,,,200%/300%,,,,,,2021-06-04,2027-12-31,,,,,,,,,,,,,,,,,
평택시,예정구역,재건축,지산3,경기도 평택시 지산동 1028,11750,1991,2,300,,,300,,,,,,,,,,,,,,,,,,200%/300%,,,,,,2021-06-04,2028-12-31,,,,,,,,,,,,,,,,,
평택시,예정구역,재건축,독곡1,경기도 평택시 독곡동 464,32170,1992,8,483,,,,243,240,,,,,,,,,,,,,,,,200%/300%,,,,,,2021-06-04,2028-12-31,,,,,,,,,,,,,,,,,
평택시,준공,주거환경개선,지산지구,경기도 평택시 평택시 지산동 692번지일원,30613,1960~1980,106,148,148,,,,,,,,,,,,,,,,,,,1.8,,113,,市,2006,2014,,,,2005-12-19,,,,,,2008-06-25,,2011-02-20,,2014-12-18,,준공,정예주,031-8024-4172,
평택시,준공,재건축,서정주공2,경기도 평택시 서정동 13,40540,1985,15,450,,450,,,,718,444,274,,718,,56,340,268,54,,,,,0.8,2.2,460,460,조합,2007,2009,,,,2006-01-16,,,2003-03-06,2003-04-30,2003-05-20,2006-04-24,2006-10-27,2007-04-24,2007-05-08,2009-06-29,2009-07-09,준공,정예주,031-8024-4172,
평택시,준공,재건축,서정주공1,경기도 평택시 서정동 241,43221,1985,21,582,,582,,,,828,570,258,,828,,72,373,301,82,,,,,0.8,2.3,595,594,조합,2007,2009,,,,2006-01-16,,,2003-05-20,2003-06-12,2003-06-23,2006-03-21,2006-10-27,2007-08-06,2007-08-23,2010-01-29,2010-05-20,준공,정예주,031-8024-4172,
평택시,준공,재건축,비전주공2,경기도 평택시 비전동 143 일원,42325,1987,22,810,,810,,,,903,725,178,,903,,208,466,229,,,,,,1.04,2.15,799,799,조합,2007,2009,,,,2005-11-21,2006-03-20,2003-07-24,2003-04-28,2003-06-02,2003-12-24,2006-03-23,2006-09-28,2007-05-18,2007-05-25,2009-11-16,2010-01-21,준공,정예주,031-8024-4172,
평택시,준공,재건축,비전주공1,경기도 평택시 비전동 488 일원,30157,1985,13,450,,450,,,,553,145,408,,553,,23,296,234,,,,,,0.8,2.3,418,417,조합,2007,2009,,,,2005-11-21,2006-01-16,,2003-03-06,2003-04-30,2003-05-31,2006-01-23,2006-10-27,2007-03-19,,2011-01-27,2011-08-22,준공,정예주,031-8024-4172,
평택시,준공,주거환경개선,두정지구,경기도 평택시 팽성읍 두정리 45-2번지 일원,63029,,79,,,,,,,,,,,,,,,,,,,,,,1,,,市,2014,2020,,,,2015-09-07,,,,,,2016-02-29,,2017-06-29,,2020-12-31,,준공,김학형,031-8024-4122,
평택시,관리처분,재건축,송원.현대연립,경기도 평택시 독곡동 359-5 일원,15239,1985,10,156,,156,,,,259,116,143,,259,,,259,,,,,,,0.57,2.3,154,116,조합,2011,,,,,2010-10-21,,,2003-05-20,2003-06-12,2003-06-26,2011-09-23,2019-12-02,,,,,시공사 재선정 중,정예주,031-8024-4172,
평택시,예정구역,재개발,통복1,경기도 평택시 통복동 35-3,43188,1952~2016,186,,,,,,,,,,,,,,,,,,,,,,,,,,,,2021-06-04,2027-12-31,,,,,,,,,,,,,,,,,
평택시,예정구역,재개발,평택1,경기도 평택시 평택동 76,33814,1952~2000,99,,,,,,,,,,,,,,,,,,,,,,,,,,,,2021-06-04,2023-12-31,,,,,,,,,,,,,,,,,
평택시,예정구역,재건축,지산1,경기도 평택시 지산동 1029,19666,1992,11,360,,90,270,,,,,,,,,,,,,,,,,,200%/300%,,,,,,2021-06-04,2028-12-31,,,,,,,,,,,,,,,,,
평택시,예정구역,재건축,지산2,경기도 평택시 지산동 1089,8882,1992,3,299,,,299,,,,,,,,,,,,,,,,,,200%/300%,,,,,,2021-06-04,2028-12-31,,,,,,,,,,,,,,,,,
평택시,예정구역,재건축,지산4,경기도 평택시 지산동 1091,13170,1992,3,216,,,,216,,,,,,,,,,,,,,,,,200%/300%,,,,,,2021-06-04,2028-12-31,,,,,,,,,,,,,,,,,
평택시,예정구역,재건축,지산5,경기도 평택시 지산동 1095,24555,1992,14,414,,,210,204,,,,,,,,,,,,,,,,,200%/300%,,,,,,2021-06-04,2028-12-31,,,,,,,,,,,,,,,,,
평택시,예정구역,재건축,서정2,경기도 평택시 서정동 794,19330,1987,12,420,,,420,,,,,,,,,,,,,,,,,,200%/300%,,,,,,2021-06-04,2028-12-31,,,,,,,,,,,,,,,,,
평택시,예정구역,재건축,이충1,경기도 평택시 이충동 478,27173,1990,13,490,,490,,,,,,,,,,,,,,,,,,,200%/300%,,,,,,2021-06-04,2027-12-31,,,,,,,,,,,,,,,,,
평택시,예정구역,재건축,이충2,경기도 평택시 이충동 381,58242,1993,14,1266,,,,1146,120,,,,,,,,,,,,,,,,250%/300%,,,,,,2021-06-04,2028-12-31,,,,,,,,,,,,,,,,,
평택시,예정구역,재건축,동삭1,경기도 평택시 동삭동 340-6,27930,1992,7,612,,,78,534,,,,,,,,,,,,,,,,,200%/300%,,,,,,2021-06-04,2028-12-31,,,,,,,,,,,,,,,,,
평택시,예정구역,재건축,남산1,경기도 평택시 팽성읍 남산리 산76-9,11310,1997,5,90,,,,90,,,,,,,,,,,,,,,,,180%/250%,,,,,,2021-06-04,2028-12-31,,,,,,,,,,,,,,,,,
평택시,예정구역,주거환경개선,송탄-01,경기도 평택시 신장동 624-22,53185,1967~2016,172,,,,,,,,,,,,,,,,,,,,,,,,,,,,2021-06-04,2027-12-31,,,,,,,,,,,,,,,,,
평택시,예정구역,주거환경개선,송탄-02,경기도 평택시 신장동 280-46,40968,1963~2018,196,,,,,,,,,,,,,,,,,,,,,,,,,,,,2021-06-04,2023-12-31,,,,,,,,,,,,,,,,,
평택시,예정구역,주거환경개선,송탄-03,경기도 평택시 서정동 570-65,55457,1957~2018,178,,,,,,,,,,,,,,,,,,,,,,,,,,,,2021-06-04,2023-12-31,,,,,,,,,,,,,,,,,
평택시,예정구역,주거환경개선,송탄-04,경기도 평택시 신장동 267-292,64789,1966~2016,215,,,,,,,,,,,,,,,,,,,,,,,,,,,,2021-06-04,2023-12-31,,,,,,,,,,,,,,,,,
평택시,예정구역,주거환경개선,송탄-05,경기도 평택시 서정동 873-29,67895,1976~2017,202,,,,,,,,,,,,,,,,,,,,,,,,,,,,2021-06-04,2028-12-31,,,,,,,,,,,,,,,,,
평택시,예정구역,주거환경개선,송탄-06,경기도 평택시 서정동 893-13,61461,1968~2008,171,,,,,,,,,,,,,,,,,,,,,,,,,,,,2021-06-04,2028-12-31,,,,,,,,,,,,,,,,,
평택시,관리처분,재개발,세교1구역,경기도 평택시 세교동 202-5번지 일원,67746,1962-2005,146,453,453,,,,,1573,263,,1310,263,,132,131,,,1310,80,1051,179,0.47,3,434,248,조합,2008,2025,,,,2008-05-13,,2008-06-18,,,2008-10-21,2010-07-19,2015-09-10,,,,,보상절차 진행 중,차윤,031-8024-4132,
평택시,관리처분,재건축,서정연립,경기도 평택시 서정동 780 일원,56888,1986,25,420,,420,,,,1107,406,701,,1107,,254,853,,,,,,,0.49,2.28,421,399,조합,2012,,,,2011-07-19,2012-04-14,2015-02-03,2012-07-09,2009-11-18,2010-09-16,2013-05-02,2018-07-03,2020-02-07,,,,,철거완료,정예주,031-8024-4172,
하남시,관리처분,재개발,C구역,경기도 하남시 덕풍동 285-31 일대,49646,1985,219,1046,305,652,89,,,980,334,596,50,930,12,538,380,,,50,42,8,,2.3,2.5,343,267,조합,2010,2025,2008-10-07,2010-09-30,2008-10-31,2010-09-17,2014-10-27,2009-04-06,,,2012-12-31,2020-07-30,2020-03-19,,,,,착공 준비 중,김은경,031-790-5186,
화성시,예정구역,재개발,향남1-1,경기도 화성시 발안리 60-2,26913,1982,64,115,7,4,27,22,55,,,,,,,,,,,,,,,1.8,2,116,,,,,2014-06-17,2016-01-31,,,,,,,,,,,,,,정비예정구역 고시,윤종열,031-5189-2414,
화성시,예정구역,재개발,진안1-2,경기도 화성시 진안동 524-7,11738,1986,13,181,,1,,,180,,,,,,,,,,,,,,,1.8,2,13,,,,,2014-06-17,2019-01-31,,,,,,,,,,,,,,정비예정구역 고시,윤종열,031-5189-2409,
화성시,예정구역,재개발,송산1-1,경기도 화성시 사강리 610-5,20450,1964,43,109,2,11,17,12,67,,,,,,,,,,,,,,,1.8,2.5,82,,,,,2014-06-17,2015-01-31,,,,,,,,,,,,,,정비예정구역 고시,윤종열,031-5189-2410,
화성시,예정구역,재개발,남양1-1,경기도 화성시 남양동 1263,17426,1981,29,61,5,8,,8,40,,,,,,,,,,,,,,,1.8,2.5,58,,,,,2014-06-17,2019-01-31,,,,,,,,,,,,,,정비예정구역 고시,윤종열,031-5189-2411,
화성시,예정구역,재개발,우정1-1,경기도 화성시 조암리 227-2,13270,1968,28,47,5,,2,14,26,,,,,,,,,,,,,,,2.3,2.5,49,,,,,2014-06-17,2016-01-31,,,,,,,,,,,,,,정비예정구역 고시,윤종열,031-5189-2412,
화성시,예정구역,재개발,우정1-2,경기도 화성시 조암리 360-2,52750,1987,64,254,2,3,8,4,237,,,,,,,,,,,,,,,2.3,2.5,145,,,,,2014-06-17,2020-01-31,,,,,,,,,,,,,,정비예정구역 고시,윤종열,031-5189-2413,
화성시,예정구역,재개발,봉담1-1,경기도 화성시 동화리 340,14860,1973,37,91,5,7,14,6,59,,,,,,,,,,,,,,,0.8,2.5,76,,,,,2014-06-17,2015-01-31,,,,,,,,,,,,,,정비예정구역 고시,윤종열,031-5189-2405,
화성시,추진위원회,재건축,화산주택,경기도 화성시 송산동 97-15,17339,1987,7,198,,,135,63,,405,405,,,405,,322,83,,,,,,,1.02,2.4,211,,추진위,2013,,,,2015-08-06,2015-08-06,2017-06-05,2016-05-20,,2012-10-26,,,,,,,,조합설립인가 준비 중,윤종열,031-5189-2418,
화성시,예정구역,도시환경,우정Ⅱ-1,경기도 화성시 조암리 270-38,12890,1971,64,69,2,3,1,21,42,,,,,,,,,,,,,,,8,8,52,,,,,2014-06-17,2019-01-31,,,,,,,,,,,,,,정비예정구역 고시,윤종열,031-5189-2415,
화성시,예정구역,재개발,봉담1-2,경기도 화성시 수영리  649-3,19929,1986,33,227,,7,,2,218,,,,,,,,,,,,,,,2.3,2.5,57,,,,,2014-06-17,2019-01-31,,,,,,,,,,,,,,정비예정구역 고시,윤종열,031-5189-2406,
화성시,예정구역,도시환경,봉담Ⅲ-1,경기도 화성시 와우리 160,40200,1972,53,154,12,8,5,7,122,,,,,,,,,,,,,,,2,2.5,26,,,,,2014-06-17,2015-01-31,,,,,,,,,,,,,,정비예정구역 고시,윤종열,031-5189-2417,
화성시,예정구역,도시환경,향남Ⅱ-5,경기도 화성시 평리 118-10,15088,197,22,58,3,1,3,13,38,,,,,,,,,,,,,,,8,8,31,,,,,2014-06-17,2016-01-31,,,,,,,,,,,,,,정비예정구역 고시,윤종열,031-5189-2416,
화성시,예정구역,재개발,안녕1-1,경기도 화성시 안녕동 46-4,74400,1969,136,447,21,12,23,47,344,,,,,,,,,,,,,,,1.8,200~270%,329,,,,,2014-06-17,2015-01-31,,,,,,,,,,,,,,정비예정구역 고시,윤종열,031-5189-2407,
화성시,예정구역,재개발,진안1-1,경기도 화성시 진안동 525-59,10963,1962,23,94,,2,7,10,75,,,,,,,,,,,,,,,1.8,2,44,,,,,2014-06-17,2019-01-31,,,,,,,,,,,,,,정비예정구역 고시,윤종열,031-5189-2408,

